<?xml version="1.0"?>
<VTKFile type="UnstructuredGrid"  version="0.1"  >
<UnstructuredGrid>
<Piece  NumberOfPoints="1878" NumberOfCells="3454">
<Points>
<DataArray  type="Float64"  NumberOfComponents="3"  format="ascii">4 2.5 0  -1.5 2.5 0  -1.5 0 0  -6.245698675651501e-17 0 0  0.9999999999999999 0 0  4 0 0  1.314119041053837 0.4701123670041306 0  1.34 0.34 0  1.314119041053837 0.2098876329958693 0  1.240416305603426 0.0995836943965738 0  1.130112367004131 0.02588095894616255 0  0.8698876329958692 0.0258809589461626 0  0.7595836943965738 0.09958369439657386 0  0.6858809589461625 0.2098876329958695 0  0.6599999999999999 0.34 0  0.5 0.34 0  0.34 0.34 0  0.3141190410538374 0.2098876329958693 0  0.2404163056034261 0.0995836943965738 0  0.1301123670041306 0.02588095894616255 0  -0.1301123670041307 0.0258809589461626 0  -0.2404163056034262 0.09958369439657386 0  -0.3141190410538375 0.2098876329958695 0  -0.34 0.3400000000000001 0  -0.3141190410538375 0.4701123670041306 0  -0.2404163056034262 0.5804163056034262 0  -0.1301123670041305 0.6541190410538376 0  2.0818995585505e-17 0.68 0  0.1301123670041306 0.6541190410538376 0  0.2368665279807462 0.5827881911802648 0  0.4 0.75 0  0.4177236124291819 0.7539385805398183 0  0.2699999999999998 0.7767949192431123 0  0.140212862362522 0.8324429495415053 0  0.0691780076918016 0.9084176618364481 0  0.0691780076918016 0.9915823381635518 0  0.1402128623625221 1.067557050458495 0  0.2700000000000001 1.123205080756888 0  0.4360980454275856 1.148904379073655 0  0.6097871376374779 1.140211303259031 0  0.7037358844355073 1.114382096471473 0  0.7385786437626904 1.164852813742386 0  0.88 1.2 0  1.02142135623731 1.164852813742386 0  1.08 1.08 0  1.02142135623731 0.9951471862576143 0  0.8939848950557149 0.963475639920265 0  0.8999999999999999 0.95 0  0.8636890922098923 0.8686526713848399 0  0.8276532373203738 0.8450340527378608 0  0.85 0.85 0  0.9055270133605527 0.6612081545741209 0  1 0.68 0  1.130112367004131 0.6541190410538376 0  1.240416305603426 0.5804163056034262 0  1.25 2.5 0  -0.5306456758838697 0 0  0.4999999999999999 0 0  2.06129135176774 0 0  0.3459537589834127 0.7650430752923324 0  0.9577031256465123 0.9793114130889397 0  0.8467992370421553 0.8575827231504353 0  -0.2653228379419348 0 0  0.2653228379419347 0 0  0.7346771620580652 0 0  1.53064567588387 0 0  0.3184332639903731 0.6663940955901324 0  0.3818386857062973 0.7594908279160754 0  -0.1326614189709674 0 0  0.1326614189709673 0 0  0.8673385810290326 0 0  1.265322837941935 0 0  0.3592166319951866 0.7081970477950662 0  0.3997811490677396 0.7567147042279468 0  1.132661418970967 0 0  2.625 2.5 0  4 1.25 0  -0.125 2.5 0  2.350291605322574 1.248388711110298 0  -1.5 1.25 0  3.03064567588387 0 0  3.17468263975022 1.723400903725242 0  -0.6251449776209447 1.668909475383039 0  3.123132130920911 0.8599897966714773 0  1.9375 2.5 0  1.59375 1.754009579076284 0  0.5625 2.5 0  0.07644504338281924 1.812734366269456 0  -0.8677579552129235 0.9198173285578077 0  3.3125 2.5 0  -0.8125 2.5 0  2.545968513825804 0.4870920231259077 0  0.9139990732120795 1.892977186855024 0  2.243192496518303 1.906943214585354 0  1.926527922144527 0.7336724073701866 0  4 1.875 0  -1.5 0.625 0  -1.5 1.875 0  4 0.625 0  3.515322837941935 0 0  -1.015322837941935 0 0  1.811136168122066 1.260473480079351 0  -0.2071770217029351 1.413146593593746 0  -0.4687499999999999 2.140829266518046 0  -1.027034893181647 1.385237643435713 0  2.545968513825804 0 0  3.613825032638842 0.9375 0  2.745895565689224 2.002736497429564 0  3.630819836526378 1.5625 0  2.86460371167122 1.308669881704504 0  3.434237723984547 0.4824442963862456 0  -0.8132583666366948 0.4393285750408327 0  -1.15625 2.5 0  -1.006369949105964 2.01053472200828 0  3.539588224244362 2.059172046668798 0  1.502380035376749 0.9400795315110519 0  0.5173155968212805 1.622249074445003 0  2.649527852247375 0.9195058589055458 0  0.5073742173169167 2.062799283898567 0  3.311659709316266 1.25844744334571 0  2.99644590188708 0.4386460335834892 0  2.558310979277584 1.620204278158276 0  1.75802977965194 0.3509490676903539 0  -0.4192521167759735 1.008188451820436 0  1.200677871393922 1.563285388757841 0  1.304904964882725 2.073105371470849 0  1.858748262524907 2.084093888010346 0  2.157131181656635 0.3893184643573578 0  -1.5 0.3125 0  3.134834796965782 2.131000676353232 0  1.967133543699232 1.623828836719405 0  0.21875 2.5 0  2.301480007229889 0.7742525825119321 0  4 0.3125 0  1.59375 2.5 0  -0.1017435691699238 2.133661028093114 0  0.1486123598044211 1.461061505230845 0  -0.279256668839977 1.764757228144882 0  -0.6622220966746614 1.29491504223524 0  -1.5 2.1875 0  -1.192343059375481 1.068701428625028 0  -1.125515040191137 0.6472459565310302 0  2.28125 2.5 0  0.90625 2.5 0  1.375002712635403 1.263046416169527 0  -0.5929941421489838 0.7076473075285534 0  -0.46875 2.5 0  3.65625 2.5 0  2.96875 2.5 0  0.8555358068169168 1.55265665984984 0  -1.187498380481742 1.703530682063219 0  2.449455222635539 2.19145647179981 0  2.075962336567715 1.042443253084401 0  -1.159527514773161 0.3084524390024676 0  1.618953903617155 0.6406319917830052 0  4 2.1875 0  3.272984256912902 0 0  2.788307094854837 0 0  3.624165142183122 1.249949893673131 0  -1.5 0.9375 0  4 1.5625 0  4 0.9375 0  -1.5 1.5625 0  2.874394296886732 1.624632565964591 0  0.2021437698946708 2.09245756883246 0  0.8014028746166328 2.195100684933381 0  2.143471807019437 2.196260889727384 0  2.792059289984755 0.6567631273611197 0  2.262659710420635 1.611814272328886 0  3.738529381722493 0.46875 0  3.757661418970967 0 0  -0.9088969555864023 1.64438977696109 0  1.582705713185275 2.034291250714479 0  -0.7091938710595811 1.958638082917253 0  -0.7295711960540463 2.235287277259916 0  2.4004971177245 0.2435460115629539 0  2.796875 2.278458627118872 0  2.752170079643125 0.2858513665271126 0  1.084065046877555 2.261680200469038 0  1.783294288298615 0.9783365509806524 0  2.082180058911791 1.319843575539588 0  1.594236465457614 1.459580128048221 0  1.795968513825805 0 0  -1.211456718530384 2.215414890383423 0  0.3753468192644798 2.289509566871742 0  -0.7729842569129022 0 0  -0.6518149663983859 0.2326181165715516 0  1.178404913073837 1.833402883704933 0  3.576605970834225 0.258336139857703 0  3.151814966398386 0.2301034052134342 0  3.095042099731016 1.459662427353834 0  2.598656533516126 1.353534177060285 0  3.070725265859738 1.128614861992853 0  1.421875 2.305127558139307 0  -1.255298697913981 1.950465737883549 0  2.961663271457887 1.86517808372006 0  2.497439290695924 1.939646140542119 0  0.6280587322675176 1.393604935802642 0  -1.288860271067749 1.40625 0  3.716973695678045 1.835040242386269 0  3.441670539596645 1.799416362183756 0  -0.1704132778086338 1.135883009611175 0  0.3341038788956857 1.865054775576982 0  -0.2819482111030989 2.306128715156602 0  3.35328621445391 0.9949230334329506 0  3.352685635440656 0.7321952177117261 0  3.806912516319421 0.78125 0  3.364309665564733 2.247784124798925 0  1.683616950092256 2.264883472221352 0  -0.959327261103059 1.148444494539341 0  -0.984375 2.319010601046585 0  -0.05165166517358113 1.603206235902426 0  -0.463279268889534 1.464027312031423 0  3.812103399011293 1.09375 0  0.04687499999999997 2.327003519233648 0  3.361412129350956 1.525758411526523 0  -1.257661418970967 0 0  2.303629932796772 0 0  0.387022513002497 1.418000861486944 0  1.251959632126404 0.8807885089959733 0  3.815409918263189 1.40625 0  -0.9310075441369674 0.2273530658248378 0  -0.881755517349295 0.6748944573735143 0  -0.1731494339332139 0.8930864959157003 0  0.720098901845745 1.751105139460287 0  -0.5611602004672384 0.4625490867906034 0  3.736462731625152 2.242921504787667 0  3.589037165532281 0.6711817410285967 0  2.894506251272825 0.9548111304794156 0  2.312782829859825 1.012669578436609 0  -1.276342047750203 0.8393561194293455 0  1.831279395586038 1.83473134385814 0  -0.4930597839912108 1.86428215915749 0  -1.327882187483943 0.46875 0  1.928629932796772 0.1918663143467869 0  3.142374391547529 0.624486813621197 0  -0.3750142532914345 0.7821241917785917 0  -0.3819672855785398 1.241835212840772 0  -0.637575755251311 0.9339102882978254 0  -0.01056865367022053 1.298146730336672 0  3.833605403486031 2.03125 0  3.319253995650412 1.993895989994291 0  1.618620141666236 1.13702916332414 0  2.574618715037647 0.7088382466665155 0  2.700311914562202 1.145453531288448 0  0.2409410634781103 1.663249629552152 0  0.7163060813570459 1.991343506693804 0  1.411594886571405 0.7242458069262954 0  1.032996677212204 1.399185450390805 0  1.422511044687276 1.606511525380283 0  0.5933270734179211 2.264653934985315 0  1.42059048877363 1.887544791487196 0  1.08408148009479 2.038099254529687 0  1.009736866501802 1.701348571336549 0  -0.7528567474809944 1.492735489740495 0  3.796677043648935 0.2199588089765199 0  2.714130175003748 1.781053888818124 0  3.361885172845483 0.2792062780421627 0  2.414852625270104 1.462112838914762 0  2.054813151652993 2.003857958424565 0  1.8934522333692 2.292931566918358 0  -0.2880030607754029 1.996126642720503 0  1.546858799775862 0.4277929443295818 0  1.528375588454032 0.2142897416287785 0  1.812602937939228 0.5553758832685654 0  -1.066063055607269 0.8491848586274615 0  2.198743051242212 0.1827541838949627 0  2.021165399052627 0.5476572873584794 0  2.223586496573371 0.58393016331436 0  2.497987760649036 1.104042724369676 0  2.925444537378644 2.11211289310626 0  3.140625 2.5 0  3.232901339604364 0.4396221369188933 0  -0.1146354866240525 1.886830381672179 0  1.80947005616577 1.476353212831708 0  -1.328125 2.5 0  3.0141726078121 2.29856785376525 0  2.949719986146444 0.2416860682977575 0  2.390234871335474 1.768435866537886 0  0.5417950966695828 1.857853679430695 0  1.283272264201204 1.081641256522626 0  -1.5 0.15625 0  2.069258260345407 1.800396011567637 0  4 1.71875 0  3.808857323412011 1.656107163445341 0  0.734375 2.5 0  2.951279718320435 0.7686657289993148 0  -0.7543763943605978 1.107279830230179 0  2.755094791650266 1.470196212684664 0  3.484375 2.5 0  2.348425720082429 0.4326481941632316 0  3.470981848572284 1.367079598281467 0  3.136470224039457 1.940617222108921 0  -0.881690341993184 1.847679385904086 0  0.03836113861654544 1.997952173746303 0  2.467734448907774 0.8654960197732706 0  2.115598701208313 0.7392274726879148 0  -0.5448868759616143 1.148035263445103 0  -0.8528241430101062 1.306974137449165 0  1.741710341454477 0.789733400343744 0  -1.021077093009685 0.4656570600079267 0  -1.312724871480828 0.65552897386833 0  2.735687131122584 0.4752247995937228 0  -1.309139080888274 0.1862144104566415 0  2.409394105963585 0.617461752296727 0  3.55038095705252 2.244951661489329 0  3.465014415043226 1.147621581564009 0  -0.640625 2.5 0  -0.5512269224163352 2.320414633259023 0  3.828125 2.5 0  4 2.34375 0  1.181423883594931 1.274401385735336 0  1.942822912237654 0.3781039244943561 0  2.109375 2.5 0  -0.44181360557068 0.602666551798734 0  2.246174956458531 1.396453140805177 0  2.110721835243375 1.515132835873546 0  1.758412486818981 1.659313031596418 0  0.2434080181841524 1.304385662271205 0  -0.307992798788098 1.575672938581102 0  2.640746255061527 2.164751966357764 0  -1.5 1.09375 0  -1.312197129102616 1.217004010002048 0  -1.117803237373222 1.231207135264878 0  -1.5 2.34375 0  -0.8962206144649305 2.157702934963407 0  -1.063747679052602 1.837453102671966 0  -1.5 1.71875 0  -1.147652667866355 1.524024046153842 0  2.877340918095805 1.131553408506953 0  2.453125 2.5 0  2.566200130162121 2.329244421120554 0  2.571273908480416 0.306758523827806 0  3.193165073611553 2.300230239866663 0  0.8121778047666153 1.372471981620539 0  1.751280699481508 0.1726942861577188 0  2.644385602405939 0.1463043101215816 0  2.294778887316502 2.086568247744843 0  2.298273921015678 2.309159696925258 0  1.339242462721505 1.44301104605277 0  -0.7446116448068643 0.7952969771132095 0  -0.6981185111444952 0.5693770591528219 0  1.765625 2.5 0  0.6808409717435363 1.560310992707317 0  -0.296875 2.5 0  1.421875 2.5 0  0.390625 2.5 0  1.078125 2.5 0  2.796875 2.5 0  -0.984375 2.5 0  0.046875 2.5 0  2.209754902751308 1.149907739335766 0  1.970001545814678 1.183588129609486 0  2.016830553155805 0.8805150239313955 0  -1.321278648456176 1.583224184976488 0  -0.4427798816870276 1.692882972491156 0  -1.5 2.03125 0  -1.341351364114023 2.100807058566963 0  1.247658380809998 2.324702725624097 0  -1.085249114496152 0.1552435507257885 0  0.5194822380028066 0.17 0  1.452066544823425 1.102552063629481 0  -0.4814197517541046 0.2442396574752639 0  -1.339688487608567 1.794519645823609 0  -1.351512557169099 1.015625 0  1.325006598020054 1.746368384319759 0  2.950559062811796 0.6004665524646687 0  3.499802683710608 0.8138000479071453 0  3.036584165684969 1.297539538634507 0  0.2060241411461599 2.263693086987244 0  -0.1164037602619042 2.298721359253959 0  1.470814970594815 0.5721812517777529 0  2.551725114732762 1.786486214098497 0  2.18596692211758 0.8992052213516923 0  1.54525011503788 1.293679797822909 0  0.9612264979989724 2.149880698252369 0  0.8203125 2.359074933744594 0  1.095266157393983 0.8189353153298474 0  1.558440423670793 0.789488975230932 0  -1.057975177579338 2.163964328443465 0  3.746173181825571 0.6308093425195839 0  1.736573800374257 1.971357973360791 0  3.394153547427418 0 0  3.454738192684677 0.1484696732677828 0  -0.007828792140298885 1.134777623137991 0  -1.041829611558749 1.009205951038624 0  3.308365836848063 0.579533097944086 0  3.01249481422372 1.710633418006069 0  2.926941648206837 1.464871275985018 0  -1.361936198344039 2.265625 0  3.667508430140687 0.1294307039393405 0  2.794462815271826 0.8225678354648949 0  1.538307125395539 2.191097240748682 0  1.967748164990446 1.43629828268316 0  2.716156631902906 1.623192950994756 0  -0.7268149436560385 1.796470897188544 0  3.656441448964338 1.405608576936644 0  3.652287057742534 1.092623193796658 0  3.188540791914058 1.012175205854414 0  3.840654716426537 0.9369826266529238 0  3.841327540794502 1.249708276311537 0  -1.5 0.46875 0  -1.5 0.78125 0  4 1.40625 0  4 1.09375 0  4 0.78125 0  -1.5 1.40625 0  4 0.46875 0  4 2.03125 0  4 0.15625 0  0.529389301419686 1.273364170700096 0  -0.3117894263714016 2.151651396309006 0  -0.007035785884415446 1.453918630133269 0  -1.2421875 2.369023696040525 0  -1.174539730912633 0.4612428186902087 0  3.261836021759284 1.850702113473178 0  0.1864929918896395 1.931386421811318 0  0.349754656900717 2.026125922598123 0  0.0560793122048738 2.156420173366816 0  1.98949150866946 2.169669734060651 0  2.149400784479343 2.350709814125787 0  3.583892258397011 0.4202397863614025 0  3.853629255212848 0.3644604750334403 0  0.4340841241275452 1.749970910470454 0  -0.5165793781278886 0.8402272005786886 0  3.483228003467012 1.638630318639451 0  3.329991696441568 1.684787776367432 0  3.616963102114667 1.716767664694323 0  0.1190871428968114 1.217659639073563 0  1.007648665428569 1.54921102309842 0  2.055621419006691 0.2758480433010305 0  -0.5583846070432259 2.009366542119206 0  -0.8532193470345614 2.010713038334668 0  1.397984256912902 0 0  -0.3979842569129023 0 0  3.871232062230659 0.546875 0  1.260621556565866 0.7300477234313246 0  0.6448193539721421 2.123500361133895 0  1.923506659389482 1.038337249028723 0  0.08890530003981865 1.661196146131884 0  1.713656764265523 2.118763256221762 0  0.9921875 2.378624107866142 0  2.410320834101494 1.621806388173193 0  2.215497648401918 1.756909898025482 0  3.24915593527684 1.408366254373291 0  3.681262135225453 1.989037234055162 0  3.552031472934054 1.906148029217467 0  1.674094631429006 0.5033242049528709 0  -0.9091662271478193 1.488009088263734 0  1.618672011234175 1.606835628604413 0  1.709671943475492 1.367636697387287 0  0.8691459578572103 1.750838895622757 0  1.649916343891317 0.908858362848654 0  3.281033659049073 0.1511934486190699 0  -0.08994891492520751 1.013562555277671 0  3.151814966398386 0 0  0.84831549950954 2.055859750500989 0  -0.6040195469242053 1.519217960281443 0  -1.173805288685122 2.073082676301729 0  2.909476385369353 0 0  2.825490299575226 0.1499105439380538 0  3.86643411238924 1.798731368471975 0  -0.05751286219183199 1.750710067827731 0  1.179545166099452 2.149896744691766 0  1.176978907660474 1.419781277654697 0  3.878830709485483 0 0  2.856726873664107 0.3903559757773551 0  0.2827125852498638 1.521999869602874 0  -0.5180388407568066 1.289789506449691 0  -0.7652446173307772 1.63609298591214 0  -1.055701653792516 1.638610396412941 0  2.662875787035489 0.5973561715205175 0  2.424799223311288 0 0  2.499539668982198 0.1374862364704211 0  2.271951631069002 0.3049753183837537 0  1.763631176488899 1.122719162086427 0  1.873985881979976 0.8671714182682837 0  -0.6150187649572064 2.144270074006452 0  -1.354454862350409 0.3250977038595856 0  3.878833408864406 2.265625 0  2.107271110362165 1.660592200071721 0  0.4951008548919952 2.371479653677798 0  1.562986368566093 1.893155793192984 0  1.440309833392812 2.028680249008691 0  2.897239069263111 2.378036972554004 0  2.698150394968484 2.379308892607314 0  2.786731912690972 2.13776005877377 0  0.3826614189709673 0 0  1.91884640583399 1.95127948898778 0  1.663307094854837 0 0  -0.2658437023684878 1.015544773195957 0  -0.2364565649019462 1.268195139875143 0  3.459035140730828 2.357376830812594 0  -0.7265625 2.381576103941697 0  -0.7925264312139029 0.2891206047122232 0  -0.8102347223583961 0.1427029224545359 0  -0.6762983875246643 0.3751078716756016 0  -0.1867537254879132 1.653973336414945 0  3.168186041053634 1.236224945967633 0  -0.2526025822572154 0.7180464802703318 0  3.644637078117123 2.355323481400657 0  2.055606715174802 0.1378654479579046 0  3.102702519196279 1.601242906385114 0  3.282989806925541 1.118868843677234 0  -0.04680467201320238 0.8188595181259266 0  0.6484375 2.391564629460619 0  0.6173385810290326 0 0  3.044276912043865 0.9840303353207819 0  0.3784007898257091 1.622703881225428 0  0.2150804319398191 1.797594879640889 0  0.3912140881289296 1.27974205464444 0  -0.7454522354201553 2.097704418204147 0  3.789362379821378 2.3689404481282 0  2.780538251880215 1.032947172550099 0  3.037950148323407 2.034969668901259 0  3.505952331851157 1.501554023594007 0  1.040135497524354 1.836265391864283 0  1.20789353003568 1.971071297614723 0  1.197761804552203 1.699021963119185 0  -0.4241831671544347 1.982542703815083 0  2.461596635935545 1.331379330521249 0  2.616637539630277 1.492641661506112 0  2.732639926831237 1.337087960629938 0  -0.4137887966710309 2.366026365739728 0  3.238038898236862 1.584001434261282 0  3.661053140688675 2.126374268896263 0  2.580513907971594 1.215799207876483 0  1.459142063617811 1.758497460279611 0  2.431821192959258 2.324749183246067 0  2.636911786489667 1.902880142765134 0  -0.8542718928404033 2.285369794772206 0  3.637853092513545 0.8009508531105507 0  1.653295014692559 0.2656593764117411 0  2.530916996086582 2.076502532333964 0  3.259196333076217 0.8916588548574317 0  3.47933602365289 0.9470664192923615 0  -1.378830709485484 0 0  3.695846596827463 0.3340856312589831 0  1.928629932796772 0 0  1.559547633016249 2.32924255474409 0  0.4031069714982983 2.153877022776666 0  1.182333016606345 0.9945103596248308 0  3.469224279232106 0.3554913836569618 0  3.442539154720409 0.6233452057884975 0  3.211510168944083 0.7486733019547476 0  -1.158161013844442 1.393084346541721 0  -1.390424738246873 1.322712529616362 0  -1.119150866161686 2.313759864588865 0  2.02684473678702 2.297818792955391 0  0.2751542114178034 2.378466338636873 0  -0.6518149663983859 0 0  -0.5594185349130195 0.1328796144577139 0  2.36421457805403 0.1169400862421642 0  -0.3617358023934871 1.866984842658014 0  1.402836199819429 2.169230325905141 0  2.818848182825781 1.879165784961216 0  3.085506872192849 1.819682515980248 0  -0.346727646272351 1.380705536591718 0  1.380161598072592 0.9912583320944697 0  1.384645387925848 0.856429713741952 0  2.840929645122517 1.750657113733141 0  1.687835346350155 1.847784619685798 0  -1.123185531180588 1.953208516376714 0  3.045229906051027 0.1392748889375354 0  3.055621327058326 0.3205850080328752 0  -0.4177799184608076 0.129608702991908 0  3.27876867467694 2.132022541194265 0  3.409072670766504 2.095218584747179 0  -1.390106258458544 1.953125 0  -0.3375108338086719 0.9068236478670311 0  3.307394345002991 2.367521951875818 0  2.373563935097347 1.8980429879339 0  2.901052914862353 1.982411729622098 0  -1.21610764774826 1.828450916307812 0  2.468047915923684 0.3842155274237371 0  1.469671072869624 1.406178865587578 0  0.4510152866633614 1.947970410761077 0  2.4260116540341 0.7444313988532797 0  -0.9283096661996476 0.3645461305054231 0  -0.3002433653545467 1.140832490800968 0  0.7096641080347328 1.291957471397753 0  0.515051456506919 1.480011314568036 0  2.16660689982447 2.068972034891913 0  -0.937140954301346 0.800921207073914 0  -1.154455363982384 0.9444163980649596 0  1.627426494887368 0.1270330477902281 0  3.380427216550077 0.855596339314073 0  -0.4659006482974145 0.3736260674270848 0  1.932960432919953 1.309622962301937 0  0.9077476888005866 2.26591438640889 0  1.6796875 2.398114418498962 0  3.629737358097686 0.5448235714909413 0  -1.394430135533874 1.478367879592908 0  -0.9967615784088334 0.6004690940820258 0  0.9760898390186766 1.284544264281995 0  1.941458161954853 1.756496777957835 0  1.422899912976348 0.1316545093079546 0  1.809649719937211 2.199555261544887 0  2.410794566943685 2.033363947461898 0  3.866871986495581 1.532614115241207 0  -0.8941535474274185 0 0  -0.8984375 2.409505300523293 0  -0.2109375 2.409106337484646 0  2.228166064679888 1.273150728097792 0  0.7178339575504823 2.287815371100892 0  3.4264341424288 1.925593489964762 0  2.840604309787798 0.5421670517233503 0  3.903456258159711 0.703125 0  1.297887817258537 1.867675109554072 0  1.662377684291291 1.253031139146912 0  -0.2385909194478785 1.881953762101146 0  2.697290803705995 0.741056677855673 0  -0.9678421396412431 1.755743876303237 0  -0.08660104562545375 2.009118142582583 0  -0.5755600098848459 0.5852952497049808 0  1.344614985939287 2.402563779069653 0  -0.8723653941650844 1.050623128856314 0  -0.9992511612138409 1.265105414806171 0  -0.1208918622001864 1.50120248847439 0  -0.8232463353835469 0.5641659436601252 0  0.1068584481606229 1.342634680497736 0  -0.5689813330738923 1.401523586241665 0  1.810100486863248 0.6825200779183379 0  -0.2011688305681375 2.208011561895592 0  3.732679051871578 1.189350092159151 0  3.727364039485001 0.9916783983240303 0  -1.384175723147446 0.8975328635411962 0  -1.21556158355892 0.7318125381564834 0  1.131610992000386 2.382099195038692 0  0.1328125 2.413501759616824 0  -0.05026812669634019 2.402368775408696 0  -0.5993231421696853 1.793787781622766 0  1.8515625 2.410061540332192 0  -1.036861804243274 0.7308668851052096 0  -1.044695391807115 0.2695149088753646 0  -0.9715612668260044 0.1130817076752618 0  3.636492128456451 0 0  -1.136492128456451 0 0  2.667137804340321 0 0  2.182460642282256 0 0  2.089326755103305 1.162822309323903 0  3.736301709165665 1.312736184231839 0  3.735549887903206 1.499065429479346 0  -1.028438394440709 1.505824884319963 0  2.438942244904296 0.9903393126050903 0  0.6704551444091403 1.870470500451637 0  0.7949368008370583 1.852402377572569 0  0.7944535129227807 1.656409938034638 0  0.6290478352421311 1.670403925040794 0  3.077896836789845 0.737756146990499 0  2.615291865840469 1.045881705074618 0  3.823519151086168 2.154747760535645 0  2.327677647209862 1.131143298394223 0  2.305191208244387 0.8935530615547549 0  2.193254323977627 1.018661756063147 0  3.207476800726909 2.036425932409823 0  -1.222572029390169 0.5733649184197098 0  3.0546875 2.413541327016164 0  -0.3969136954665917 2.242602442211532 0  -0.8321874191170255 1.737588961339368 0  -0.4980181816631558 1.582484926186787 0  0.983427231420383 0.8621907542051964 0  -1.360540492922473 2.385049974533938 0  -0.4254514716813104 1.128976026894416 0  1.42608890642351 0.42475435309091 0  3.114438011744117 0.49620901531626 0  0.9632254407099886 2.007513046416495 0  1.099220557328382 1.624037235908516 0  2.636240204456109 0.4078172001897033 0  3.141689043412434 1.351241804912148 0  3.814312079852703 1.909949208799133 0  3.878644427586824 0.1252518488153082 0  -0.572157171491527 0.3196537033719409 0  -1.073858462207214 1.122245487208929 0  0.92950646055945 1.458854116812475 0  3.006174383965317 0.8727225021879698 0  1.455380573302112 0.3089020422733681 0  -1.233215296856755 1.303326256673397 0  -0.5454628923783439 1.021160869983545 0  1.862299223311288 0.09593315717339343 0  1.831671864287381 0.2589056745019606 0  -0.677336044866625 0.1163090582857758 0  -1.413941093741972 0.546875 0  -0.6305663661529098 0.8176141689913772 0  3.900769253913071 2.407252429304378 0  -1.204930860799913 0.1147995150477973 0  2.778784144312089 1.230759581423565 0  -0.1909786631209943 2.059619402602918 0  1.719767858164738 1.549924608075176 0  -1.376030422138111 0.763572316890289 0  2.3671875 2.5 0  1.269783337412148 1.349860865679479 0  -0.7599025325430098 0.6744062121979653 0  -0.7517212848725332 0.9114196810335166 0  1.355663826029663 0.5776469708336663 0  -0.4790071541239626 0.7302603391158647 0  1.595872663553314 1.017677375759513 0  -0.4305858984738365 0.4856989908528113 0  2.464341205156312 1.215237694937878 0  3.170259674221563 0.1150517026067172 0  2.97505280695096 1.197191092396529 0  -1.0703125 2.5 0  2.984383836926868 1.572287045016485 0  0.7282174366097547 1.453601774393358 0  -0.1550194192429262 0.7793045609636506 0  0.05142629303770312 1.552701244675983 0  -0.1183839852466155 1.244492048478627 0  -0.09579465469921446 1.378005646934007 0  2.631174264857787 2.018543033496902 0  0.4276082884573181 0.2455874626323291 0  0.4037984566794726 0.1230383157198448 0  3.538671661437285 1.052092499577996 0  1.316970749104655 1.557307749213178 0  1.520689396043757 1.54743967762874 0  -0.6413395054840779 1.085034659150939 0  3.355810541444711 1.364843561085878 0  -1.255321021403775 0.3810438565503274 0  0.2864142847049842 2.176209638793855 0  2.354791471731365 1.366914402572677 0  3.741789838261127 0.8768817008887902 0  1.653683131743556 0.3927754085044184 0  3.168417583786097 0.3441280711868355 0  -1.416926109577116 1.171875 0  -1.418496980952858 1.640625 0  1.28877277369637 2.187488907883779 0  0.319763991314181 1.751625510865088 0  2.63573033239668 1.701103996305231 0  -0.02175565201529837 2.237760360730935 0  2.525575758659159 0.6024507740996482 0  2.612567045724425 0.8139964809876419 0  1.516612119529128 0.6857564040446685 0  3.906051699505646 1.029876723473653 0  3.899927112946931 0.2627390988213445 0  -1.41363170730974 0.2289544654281532 0  3.920519867261 1.328125 0  3.903456258159711 0.841853840587067 0  2.95371670880315 1.049766384938553 0  -0.7621664579996248 1.22755353198111 0  2.260459852374985 2.198430273576123 0  3.906051699505646 1.156862769551998 0  0.1806340674918161 1.568613770637708 0  -0.1680109526239711 1.763634534126992 0  2.542031928385378 0.9483727794261604 0  2.662695575804924 2.273837109729073 0  1.770488577684471 2.334119042445883 0  3.918571340059544 1.953125 0  -0.3356130380771619 0.6413418363643589 0  0.2502060810807896 1.415514441452938 0  2.0234375 2.5 0  1.96240665122812 2.390174841850377 0  -0.9118766930246348 0.4942565775752381 0  0.6089769194970626 2.01869950472231 0  0.6493285093055561 0.1056888009906564 0  0.58 0.34 0  0.5162910683630354 2.178229708109015 0  1.523450553344368 1.666408188146042 0  2.933787494612428 0.1121015997980395 0  1.839528180101613 0.438690253247713 0  3.428368770447796 1.258428179081939 0  -0.5965440359332942 1.904936534052196 0  1.475756219324424 2.402563779069653 0  1.181070075565429 1.15092764199398 0  1.285228228114528 1.194547262896453 0  1.346036590739685 1.969906723585445 0  1.070385579348009 2.15332682936898 0  2.907482733333114 2.267345311617192 0  -0.7529634307324111 1.373013518696058 0  2.47897841836819 1.705901883373597 0  2.222915678646259 1.50654499139356 0  3.552477634991011 2.4143375533964 0  1.907219752505974 1.529866188283272 0  1.838327734394928 1.368629634282125 0  3.34674324985209 0.3990945195957289 0  3.256479425047393 0.2562405203835797 0  0.8777635066802764 0.7556040772870605 0  3.916802701743015 2.10020561170233 0  1.10450071849894 1.927952116915201 0  1.863188093399276 1.165454938059217 0  1.570698284807356 0.5325671441037656 0  2.050014027133556 0.3830045082978897 0  0.7479636868934127 2.093880691449752 0  0.9120682615678681 1.648332753480821 0  3.557996771340549 0.104009501317013 0  2.112345077092331 0.6217710860187116 0  2.131598404142837 0.5049398516491101 0  2.239816637110857 0.4682078767300257 0  2.022632852980141 0.6830294345814905 0  2.341691504867875 1.539947745467788 0  2.509200710352107 1.520633276852189 0  1.093951214911251 1.486638363830082 0  1.977553856427699 1.859390843606578 0  3.205307380495795 2.410217686826933 0  3.914813918186228 1.630509925848691 0  1.521427733088555 1.187014798350721 0  3.176589607249428 1.117906458853598 0  -0.865832176527385 1.200672978352649 0  -1.324128738442047 1.689425601646453 0  2.123853281818215 1.906515823378912 0  1.9590272212171 2.04946551554516 0  1.935683054146462 0.4842787474746603 0  1.868201345793294 1.673500836755893 0  1.716733380925676 0.6001730150687168 0  1.919153626119655 0.6128390943437877 0  3.772862317179932 0.1165233172504108 0  3.209357956640907 0.542628171133588 0  0.3794318478881186 2.395012750493399 0  -0.6417352651231751 1.190974357257642 0  2.758655321292945 0.925848300411055 0  2.30248197670931 0.2036521369574266 0  2.243045287539514 0.08670466512909608 0  2.168212705601904 0.2840773653212898 0  0.5461128342161855 1.745831708275877 0  -0.9729739202996932 0.9015245121365402 0  -1.170453896180147 0.828253528914567 0  0.8272133967063394 1.952665204408281 0  3.028335458658203 2.14155826844851 0  -1.252059206865598 0.9825797911303153 0  -1.095748938049391 0.3918516110194391 0  -1.100041083396803 0.5410695399606767 0  1.104376973669852 1.75090786936024 0  3.462013076423073 0.2519783004654814 0  0.5257750906600533 1.376934379989239 0  0.08082972723598814 0.7463584798712434 0  -0.261378943576932 0.8275826591540721 0  -0.6549902961501458 2.047030361619847 0  3.676736236595807 0.2324423765255688 0  -0.8330569572733841 1.558019175652324 0  3.104255723671109 2.236208174413675 0  3.495796729762558 2.154919387401323 0  1.426300207639158 1.501686259200414 0  -0.7148393535579283 1.009867729141949 0  2.3055175130495 0.6614991469531111 0  1.079988896019196 1.304414331444933 0  -0.6661067430325545 1.436671571899745 0  2.736044639827921 0.09252962565947684 0  3.52101361608216 0.5480267400534493 0  2.216449764741182 0.7147587905274569 0  -1.330808572744627 1.116110240572948 0  -0.8051971900874194 1.918323994396929 0  -0.9297124989403259 1.940068429841825 0  -0.02044044000053478 1.846313293486358 0  2.439852630759439 0.4865186811118148 0  0.3851728202739626 1.52045603136388 0  2.496373793882302 2.405822325116679 0  1.524612666729086 0.1049793016696601 0  -1.5 0.390625 0  3.3984375 2.5 0  2.31881486582646 1.985888089690826 0  2.009489351890818 1.529662012056062 0  2.077606888315631 2.11854290285566 0  -0.3635561973052434 2.064152698457488 0  2.32421875 2.407653568496173 0  1.560251607145752 0.3143472419541545 0  2.955601850979296 0.3443131885537819 0  2.847796305024894 0.2496845626293948 0  -1.262645511592466 0.2782192638159061 0  2.302957189668389 1.8230853508674 0  2.460841616764432 1.843393503604386 0  2.306584432777321 1.706304238922928 0  3.715348463935984 0.7307364645575807 0  -0.2081884678010361 1.554150033857429 0  3.725536384526708 1.726379210603187 0  1.752579668171869 1.764579149831966 0  3.72490642092612 1.599664728939423 0  -0.5546875 2.5 0  -0.6229290772182763 2.396765093001379 0  -1.054881393752904 2.396429859233915 0  3.548689749188085 1.79918074628088 0  3.009033758685157 1.399074371594772 0  -0.03510164309849374 0.9235844767442802 0  2.1953125 2.5 0  -0.6793650571239156 1.584921152590355 0  2.797821415677304 2.398502215285576 0  -1.089203914161585 1.736838893257106 0  -1.17000868461601 0.208760790573301 0  3.494825697826583 0.7114604101896167 0  2.678033241791452 1.244693428465342 0  -1.395320527008787 0.1123198095480523 0  -0.2943173291305997 1.471624491771402 0  0.4327766402052448 1.849806366539092 0  0.3530490227137928 1.136054729915271 0  0.3061980844105155 1.225411107746713 0  1.698463945358031 1.040313956647797 0  1.280981800562552 0.9767329361446856 0  1.963675324991797 0.09512928408109766 0  -0.6261073775540248 2.247909468664777 0  -0.5037948352952372 2.407362813131443 0  -0.4966380679675372 2.236753292143848 0  2.026294908025835 0.7819650619745134 0  2.108005085378035 0.8380326669040097 0  2.069140223088091 1.421479703110104 0  1.823910686157205 1.584352255549741 0  3.751688991485546 2.086720520562932 0  2.327053588625435 0.5421619237599065 0  2.380424473144106 0.3397390964363877 0  3.525175401759144 1.228980823705712 0  1.10160150054249 0.9251691979472147 0  -0.7157939274516767 0.4690317726927004 0  2.063392595455919 2.405926306005738 0  2.505745594722057 1.42088833184129 0  2.813484881557712 1.391897870738814 0  2.795838562064423 1.562018945020575 0  -0.01403470633060877 2.084035035890488 0  -1.213689520480461 1.206166926775447 0  3.238927911752237 0.6520720780623255 0  2.908972567479384 0.8574927682963983 0  2.853339973475832 0.7387945700430685 0  -0.3184509171111299 2.400828525316131 0  0.4960709183142843 2.273799277116318 0  2.146026675475123 0.1001972639238329 0  3.050880336756528 0.5772315220356971 0  -0.4398446809006751 0.907941693323898 0  2.674140189037071 1.414493027457176 0  3.437688618302648 1.050391078809702 0  2.736770701745275 0.1898024647023892 0  2.656591763761861 0.2519163654633795 0  -0.8477585561494846 1.407835587515335 0  -0.4282664991536639 1.327490425299568 0  1.729637804340321 0.07496475111261684 0  3.231028294614637 1.31281966023888 0  0.8086085277280497 1.271497357535434 0  3.233206894048701 1.943139765966754 0  -1.299403347843941 0.08868326154940377 0  2.702338653832628 2.089596818157311 0  2.544293620925027 2.172322632102314 0  1.650141496600057 0.740038891130392 0  1.838466034575984 0.7760334394402927 0  1.745702647377826 0.8877390308590855 0  2.844130061056555 2.060260779086295 0  3.572978233718922 1.341739293972553 0  3.411891839471047 1.443446244954251 0  -0.8401200725521677 0.8239963448412877 0  -0.3786554997256446 1.768947063491719 0  -0.3418429993252127 1.672851522332719 0  0.2051064311812609 0.8046189343923088 0  2.372962669972475 2.249149656494947 0  2.027504645690489 1.713973366863998 0  2.644046873639985 0.5033611542766903 0  -0.4042029603860161 1.545674625318042 0  0.9496265416075298 1.80358853067149 0  -0.9419357672769949 1.341640077539376 0  1.362138224146105 1.136744941997226 0  3.035659231161814 1.933965440355997 0  1.648719885630259 1.934610234467763 0  2.728225828997513 0.3791713229473552 0  1.666901875624279 1.690699820285797 0  -1.152586028053871 2.40391471387388 0  -1.406558759812007 0.6414688056871469 0  1.481117285141643 2.114831053232123 0  1.614913855481642 2.128099354500857 0  2.521543755964835 0.7874176482241086 0  2.378186016745509 0.8315743744355113 0  3.191698487230676 1.492898840013219 0  1.337466187640047 1.651137705141453 0  3.370000906834764 1.17766195354228 0  0.1055627049670698 2.070662950048794 0  0.08865548049072111 1.911769288333596 0  -1.404376668634936 0.4086160385293243 0  -0.172605585823036 1.964477338573497 0  3.33356890217016 0.07258552415677526 0  0.2841095215541618 1.951208512433835 0  3.206308168522603 2.201032598604236 0  0.2223303297582201 0.6900577114188076 0  2.200592472627865 2.271406407361074 0  1.19260128773874 0.8017583770171965 0  1.003102476018841 1.922527865152118 0  1.182764438643357 2.249315513999736 0  -1.31566389383957 0.5617629754772221 0  0.2135046435811763 1.200727028804603 0  2.997781797071722 0.6843653570415353 0  2.92962310406673 0.5071135819025023 0  3.35987780675872 1.853548051849039 0  2.213796021777391 0.8090623292961409 0  2.361597365556455 2.154525512204578 0  3.7421875 2.5 0  1.95951264584532 0.2831723954578632 0  3.570117939408137 1.143450825980272 0  1.337999394590367 0.0795370559108063 0  -0.3356597769962803 0.07583515718750963 0  -0.5054232835123499 1.767580939313746 0  1.464164359679915 0.8038027783218354 0  2.750902924001433 0.5670657743747828 0  3.457596760172317 2.26288617059243 0  3.643167423104933 2.220616632193461 0  0.9113627888667979 1.360625811323883 0  0.1641680282874471 1.718132925109457 0  -0.469417716586498 1.210722775686576 0  0.8210363304155009 1.46564932331761 0  3.084086093856141 0.4087130162241203 0  3.262369627418423 0.3502044177385496 0  3.28930411755754 0.802173282455574 0  3.907704959131594 1.442323717165207 0  3.313675498691373 0.4863618800091962 0  0.1062892100713806 2.244669387405765 0  0.583465178183858 1.550059205341937 0  2.73198018438662 2.212422056840483 0  -0.06505618350206524 0.6670595205269187 0  -0.5323571645217062 1.668685058893993 0  -1.147641893670974 1.618202101435833 0  -1.217060186835215 1.463702715530312 0  2.237225680473922 2.377904833010211 0  2.49995305994165 0.237146967527274 0  -0.9350934617220592 2.241200934632176 0  -0.8153990455832746 2.201871795103437 0  -0.9298615413789064 2.068076558234393 0  1.108061345111964 1.212874223753858 0  1.250970585741969 1.481270870039955 0  1.361546522656749 1.353907798406368 0  2.725625316215015 1.873725162472512 0  -1.228499406257566 1.571122323471892 0  1.831040475432874 1.991551871795609 0  1.939128219591056 0.9410712454160683 0  3.901681197361818 0.4518801024193898 0  -0.5450318172509403 0.9284574270562693 0  0.3264658563164489 1.34697203167165 0  -0.9800729237586034 1.584946762689201 0  0.5556276688159366 0.07974133714932714 0  0.9706594933483061 0.769180213519942 0  1.489443096960524 1.949870069675346 0  1.689065241445756 1.460201521791872 0  -1.036630451706013 1.924514920865848 0  -0.9729610045849547 1.846874436572857 0  -0.3629340679342465 0.5512155386549159 0  1.902250912810618 2.200741698739251 0  -0.7319219163270985 0.1892410523761308 0  2.702408946070209 0.8417526481187667 0  0.6623545687512362 1.214354055969372 0  3.060459681407496 0.2293548664499584 0  0.6175727978086726 1.301605289145834 0  1.174609293688888 2.057454593377597 0  2.170537395783843 1.344534011275409 0  -1.5 2.109375 0  -1.402823010988484 2.176824031231217 0  2.161169468277606 1.43703513090975 0  1.831937971655754 1.058491455189241 0  -1.4140625 2.5 0  2.095464615666073 0.9435607776168049 0  2.611334793745261 2.409203939582187 0  2.51199218428613 2.256821944217473 0  0.5905710899219061 0.2404650678675334 0  1.612455827265958 1.36401798499165 0  1.438480953347072 0.2203990908307189 0  2.170246932270319 1.589315559415756 0  -0.3828125 2.5 0  1.848954200832689 0.3482144063441897 0  -1.30132778843523 1.495422497046822 0  0.146232171864196 2.163535397475027 0  -0.948139122730603 0.9932600656916298 0  0.6675726569879603 2.211769558337447 0  3.64717697020009 1.899993748339955 0  1.33390883850409 0.6699159889474909 0  2.406731219893349 1.079249010351041 0  -1.5 1.796875 0  -1.406943874043293 1.86045650141126 0  3.265005351787589 1.755048090591279 0  2.183268602221644 1.977733330151299 0  3.170148340387891 1.855219215097248 0  3.281067927708268 2.281612367540064 0  3.103373679407374 2.331179660024705 0  -1.076367566906509 1.310549194339547 0  -1.091861298003209 2.037060717113846 0  -1.126183016931329 0.7367587901840754 0  1.742454282955981 0.2615124513926568 0  3.595627130968869 1.476214934663101 0  -0.1719841485169467 1.330604896105751 0  2.794847392318563 1.67096501009613 0  -1.5 2.421875 0  -0.3568852922807303 1.071942271047254 0  1.330246105461897 2.274682483532271 0  1.746145761379935 0.443708025616625 0  2.789139279882885 1.142488033491585 0  2.887934661591143 1.221331480322408 0  -0.8046553150390716 0.9875240700388856 0  2.138293940209948 1.243724282392168 0  -1.420400861195861 1.7578125 0  -1.294152253305287 1.870684535392175 0  -0.9083978385485165 0.5899941533280078 0  2.867010000160675 2.184006866547608 0  1.307239204837649 0.8083457446767751 0  2.04116706543371 1.239303631083042 0  2.018619620497563 1.109740794222827 0  0.9964738424290798 2.287427720139038 0  2.606553159083063 0.06549959352207627 0  2.920578315779873 1.704351692644305 0  -1.261576498163423 1.752301459016301 0  0.6320144636184636 1.784477078439333 0  -0.1775695402293746 1.043549901635518 0  -0.5014059560291886 0.5379236328640814 0  -0.03004223187490344 1.937256911134421 0  2.155590283079318 1.823084675806615 0  3.096265079926604 0.06790992230670305 0  1.218988418282474 2.412749975539459 0  -0.6747995693632663 0.7410990168283069 0  3.456993443634573 2.014422334543116 0  3.910162063624695 1.72023971075564 0  4 1.796875 0  0.7340814573343426 2.373766900156721 0  0.7688453085076093 1.571476693484774 0  0.6442416364192735 1.480190075251429 0  1.950029652527692 0.8243702844843394 0  3.69921875 2.423746642936245 0  2.980314042766672 2.216370121102763 0  4 0.078125 0  0.544371073338468 1.951230859601052 0  -0.5159964861031066 0.6502601131055925 0  1.592199480637041 2.411506511157423 0  -0.8099087699467162 2.411487013616963 0  2.867492932374394 1.037593914131966 0  0.5229425915325318 1.144557841166343 0  3.367926300587614 0.1524063959177321 0  -0.6447004318703949 0.6378614620224958 0  -0.6289780891589462 0.516810846835307 0  0.3276377073045949 0.07278739931615524 0  2.193173594079393 1.673031376269997 0  2.319401418112366 1.451247656896847 0  2.582813769843858 1.127752083183726 0  2.475676742836195 0.6733590656570007 0  3.495021943858663 1.727442215729041 0  2.694798236794091 0.9995951734929023 0  -1.250635074806237 2.128904848509835 0  -1.272871546714236 2.040205514540844 0  -1.299206270152405 2.203028093972021 0  -1.265942745561294 2.284392868679701 0  -1.422553923243039 2.0703125 0  3.243841025446653 1.670735730352212 0  3.839581403408303 0.6348503451699976 0  1.775937424069011 2.058469116350286 0  0.04631243020721049 2.413501759616824 0  0.9020353013296245 2.405904862860575 0  0.8203125 2.5 0  1.453742776780385 1.313840666705589 0  3.280070629754914 1.491172637075553 0  2.952280842158116 1.329169892935846 0  3.059733617281136 1.214305797517416 0  2.410473445338936 2.423394003785021 0  3.636039386664585 1.802057343717393 0  2.84161386975089 1.486756611262849 0  2.5390625 2.5 0  3.2265625 2.5 0  3.5703125 2.5 0  1.5078125 2.5 0  3.0546875 2.5 0  1.8515625 2.5 0  -0.0390625 2.5 0  1.3359375 2.5 0  -0.2109375 2.5 0  -0.8984375 2.5 0  1.6796875 2.5 0  0.3046875 2.5 0  0.6484375 2.5 0  -0.7265625 2.5 0  2.7109375 2.5 0  2.8828125 2.5 0  0.4765625 2.5 0  0.9921875 2.5 0  -1.2421875 2.5 0  0.1328125 2.5 0  3.9140625 2.5 0  1.1640625 2.5 0  -1.089267561868849 1.444815112481289 0  -0.464314966398386 0 0  2.858267839630588 0.0697923661989097 0  -1.049366351936135 2.254869804990488 0  0.03211408974336057 1.732807862392003 0  2.146894841447033 1.091150427096781 0  2.256114385281901 1.077419068302132 0  2.27841076616854 1.201449316732162 0  -0.3270595205269188 0.4050561835020653 0  3.349811640349681 1.768304255674655 0  0.2927969928305624 2.262752538319029 0  0.1425586651994045 2.325471084112117 0  -0.5663397746187671 0.2343589393627832 0  -0.4175362938378608 0.3022011453655244 0  -0.4004031506915786 0.2142367748893687 0  2.116787919915009 0.2133209902231881 0  -1.412651214278321 1.084098671921689 0  -1.5 1.015625 0  2.569214973787306 0.187028447429276 0  4 0.390625 0  1.254293684650447 1.794244764814208 0  1.368600730628144 1.819798729059622 0  3.415960610212278 1.692752264360373 0  3.380082320391107 1.612065847525349 0  0.1510742479259647 1.853803213379642 0  2.016706013870213 0.9793918909858946 0  -1.008637045558708 0.1923864475028253 0  -1.049190768247745 0.07811508935324919 0  1.506403704300725 1.030352208064292 0  1.493806519623965 1.839135223805291 0  2.397746239070689 0.9150966385354573 0  1.721900621359166 0.6884187530359627 0  2.552999890632478 0.3899174706409352 0  -0.8205744947460342 0.7381742898824288 0  3.913611543463071 2.186540440629312 0  -1.01609431724788 0.3532718905554947 0  3.122805703390025 2.024961247398568 0  2.130741093598386 1.742043500064197 0  -0.6618940352067615 1.850961391935096 0  3.563126479958878 2.329499818362574 0  3.358093629812916 1.079556942419575 0  -0.3786714629000317 1.46500505575633 0  2.880530497274242 0.65457693914707 0  1.663591480776767 0.8244667152302333 0  -0.410230987427641 0.6810907224398129 0  3.568319093548092 0.7530415943290754 0  1.051949279118725 0.7465080945923911 0  0.2503760612037574 1.874050701480549 0  1.410162200671856 0.510084063014102 0  3.421504044219629 0.7815431046640351 0  3.542762127646328 0.8886024244537096 0  3.011806466693908 1.48855546448451 0  2.902078327472028 1.545215803156479 0  -1.5 0.703125 0  2.250070854956245 0.956866208373525 0  -1.423314467958484 0.9719214988385051 0  3.581793848811166 2.160150498023885 0  3.447880236082405 1.562348659931242 0  3.729913543489566 1.918922233619698 0  -0.6650773164168645 2.323203280803576 0  2.054049630318663 0.4685652391462213 0  1.433336344110014 1.188644622661537 0  0.3674615616901121 1.944391607193516 0  -1.129368965944296 2.230859219971917 0  0.4662092337649841 1.551925685178845 0  2.885584804591814 1.824481595058002 0  2.2744149204831 0.3902396853821199 0  1.798420962132314 1.913091729149405 0  1.665651440358221 2.017522817691278 0  0.8848612342638469 2.185025461866751 0  1.017793539036825 2.088648029829267 0  3.545673668283672 1.578560726841991 0  0.7121679072375136 1.668338530568984 0  2.961613419965846 1.779529810533797 0  0.4424947768537227 1.350489666087697 0  1.760842759772058 2.416848008151651 0  2.522141473507422 1.274706832692568 0  1.846985543799335 0.177419415837677 0  -0.1181419547133324 2.215385773841256 0  -0.1996619966362891 2.29156334546196 0  -0.03594601510013819 2.319684262364434 0  3.532160079819286 1.422954316107035 0  3.126007399711117 0.9489029089181248 0  3.106810304246807 1.047302632257071 0  3.268230145707689 0.9779250503695013 0  -0.8839447915128255 0.09002296250337108 0  1.858293066215966 1.756074666286435 0  2.835103056999806 0.8945053576973842 0  0.8004757894055636 2.278285057086928 0  1.739185095434361 1.208217745546047 0  -0.2544548180990039 0.9104279942349974 0  -0.7519338526542094 1.717696672323963 0  -0.953683956901654 0.7184673979783961 0  1.464314966398386 0 0  -0.4800347920310265 2.052234590749128 0  3.247423879396958 1.198907947748117 0  2.638032044074283 1.579539943702355 0  -1.5 0.859375 0  3.522607796524171 0.1957095659603703 0  -0.1311758415348033 1.582685273683169 0  -1.417374613710338 1.557878053591752 0  3.822008325117246 0.4787196507526785 0  3.786706451250886 0.5560687389789873 0  -1.15732753517875 2.153587681591472 0  2.038947322896742 1.919450581363278 0  0.8900380961246793 1.281414780708735 0  -1.293629622900015 0.7586382365975226 0  2.047403523686195 1.603324770575068 0  -0.4897298944698537 0.08228342648950321 0  0.0289306638976852 1.217101644271018 0  -0.5427620374729711 2.105240546599476 0  0.2214964275986109 2.009281189792906 0  1.884130024655884 1.438626522059033 0  2.004602434311832 1.358062932931306 0  1.497641187406064 0.4940907499037635 0  1.443637785770022 0.6491609822734835 0  -0.7997505794451607 1.835691221159691 0  -0.6641852581539707 1.742090888974914 0  -1.155404283813711 1.144827653520155 0  0.5095514475945363 0.2577165510872159 0  1.462502619614393 2.230153492922838 0  1.598491417578628 2.252549188043527 0  3.915309385631483 1.868226597181273 0  0.2893099243209032 2.089023955035695 0  2.452148706717721 2.107024407781331 0  0.7300639097911155 1.37150292325059 0  3.092069013713118 1.736322370734785 0  -0.08935048575336535 1.101581815032737 0  0.05484544825114233 1.076178446868387 0  1.261816501115545 1.618508591289095 0  2.554643048651382 1.87372090816818 0  2.632878972608044 1.782314943204456 0  0.04106250100738196 0.8249477569012389 0  1.54321751032764 0.6090072392638732 0  1.411824339766251 1.689494486113966 0  -0.8235793609079577 2.120811039370951 0  3.670478080080736 0.6621773660856449 0  3.654820220233987 0.4648663551730764 0  3.553303359034262 0.3405006258753529 0  3.515043613360132 0.4657256916401024 0  -0.9780098122555381 2.137275519216029 0  -0.6107019176636211 0.06997572420872074 0  -1.00414775271096 1.080940132809376 0  -1.049403816501804 0.9285074903095999 0  -1.112641087378985 1.050199412083126 0  0.4323016406396873 2.028400361969291 0  2.534499276014416 1.030307290517906 0  -0.1195749764385651 1.698923774466542 0  2.980649871463192 2.375005903523284 0  -0.4771055243333293 1.065772034705978 0  -1.044071652821742 1.197601053076206 0  0.1241890115241044 1.988334655821734 0  3.414794444539626 2.179746906855717 0  -1.226308680209836 0.9045435694833872 0  -0.1316251707262964 2.381357592687633 0  0.1755192512263462 1.38500087484324 0  3.386444113740064 2.410719329756339 0  3.379976531494594 2.328626874385909 0  3.918792369764945 0.6136667566760807 0  4 0.546875 0  1.566349120614502 0.8781632343587243 0  3.767786927042776 0.3853801391687393 0  3.773581064069347 0.3011586282576514 0  -0.01071975928230265 1.000152223503337 0  0.6251517296737831 1.93854443410565 0  2.403668372530746 1.16074378319866 0  3.483750907028638 0.07371267872589221 0  1.178802705792165 0.7205546734283047 0  1.858128154373398 0.9468111680971553 0  2.692142473502726 1.520135041477161 0  1.906596886812887 1.233414294978658 0  -1.130632737253155 0.08129305835801813 0  0.42 0.34 0  2.22406226877517 2.12606805436551 0  -0.7722374166431963 2.309340138761304 0  3.614256120317553 1.019722944854882 0  3.652875805442847 1.173905156982378 0  3.732332164370978 1.073764792603668 0  2.422103410958552 1.542229678379699 0  1.596976385369353 0 0  0.7402015064838312 1.913146364476585 0  3.920284665617642 0.9503901618223189 0  3.819760037308841 0.8599880921749079 0  3.806939756813183 1.011825923265443 0  3.599735551298171 0.1727960758346423 0  3.653678125958439 1.642309349545547 0  0.02737545841903469 1.375212179528283 0  -0.5239809497131249 1.937608353518055 0  -0.4975065640928381 1.366630756831036 0  3.656063065954879 1.324511398439261 0  3.735874636557551 1.418580645820252 0  3.375653713990746 0.5366308112186722 0  3.318994685517599 0.6592117717750784 0  1.339589736583192 0.9224202310782911 0  3.815606241857118 1.325866133838181 0  3.920665742435507 1.248781519880046 0  3.828060954438353 1.17147701539729 0  -1.5 2.265625 0  -1.418901727911174 2.326011392332347 0  -1.232350890962478 0.6531764768126569 0  1.671573417295124 1.770014500422654 0  -1.309928842409158 1.328355532722747 0  3.784118979293344 1.785663520345757 0  -0.7350454408527545 1.881452048716484 0  -0.591462830118354 1.254872445281344 0  3.758055118241625 2.007901207228394 0  3.623594458332424 2.050706881591138 0  3.574543309802392 1.984996518252212 0  -1.306149303703016 0.9214643355667227 0  1.961703562458602 2.252930721010604 0  0.4798151777055512 0.1017479122435517 0  2.714662267722062 1.702117243579126 0  3.713090625658033 0.06506759038320765 0  2.299145567330684 1.309678752246858 0  -0.2659470457301157 1.349584979695655 0  -0.3304102430995995 1.30265848803568 0  3.830566701012876 0.06255428186706746 0  1.541244309279157 1.106062676302232 0  3.707434366382158 0.5614392481942405 0  -0.284231784061288 2.076284783225814 0  -0.3897507073235493 2.138712842886457 0  -0.3163859314766393 2.232660281465725 0  3.169139814344347 1.64438124063471 0  2.663096454401038 0.3320442797013495 0  -1.154511947420584 1.300868657033505 0  3.791003587068986 1.555795156893286 0  -0.9780770308163503 2.419928563938046 0  3.745701247835944 2.164979453123064 0  3.79148901813308 0.7009634303807023 0  2.557496560039713 1.708148259092704 0  1.170128934311636 0.8804436701166818 0  -1.425399588728741 0.8277983930478567 0  -1.294402784668438 2.428444917979888 0  -0.2369965009183155 1.094599654958446 0  -1.157324823052104 1.776177207042853 0  3.069580926333184 0.6532255416391232 0  2.4388279847413 0.08143203367023631 0  2.822438102786364 1.984664338232901 0  1.202751875685047 1.072888964925729 0  -0.9548043312205403 1.421373908458568 0  1.099612432288931 1.003813976793535 0  1.924753533032638 2.125913721014236 0  2.060338634017556 2.218537464285249 0  2.119144643282777 2.275004711159439 0  4 1.484375 0  4 1.640625 0  4 2.109375 0  4 1.953125 0  4 1.171875 0  4 1.328125 0  -1.5 0.078125 0  -1.5 0.234375 0  4 0.234375 0  4 0.859375 0  4 1.015625 0  -1.5 1.640625 0  -1.5 0.546875 0  4 0.703125 0  -1.5 1.484375 0  -1.5 1.953125 0  -1.5 1.171875 0  -1.5 1.328125 0  4 2.265625 0  4 2.421875 0  -0.2616123506674898 1.685478723876161 0  2.15234375 2.431509539464701 0  1.261095218767904 1.270572144335481 0  2.775218603816935 0.7332490263347228 0  2.454336408443466 0.3042459037900187 0  2.590388119855544 2.238366682347789 0  2.236617297006344 2.034616391734576 0  -0.02344983936251704 1.530323871366282 0  0.06998346683538137 1.47502764999998 0  -0.04990697581434689 1.202935398931248 0  -0.2347141128761231 2.137112318014356 0  -1.369780554153329 1.401122964931779 0  1.588113073010997 1.228114131596963 0  -1.188263424374413 1.904695931327737 0  0.4581335703799526 1.229581255980426 0  0.5830185008523702 1.21489695444502 0  -1.350184071005943 2.021834179298892 0  3.576118641693557 1.650346309823658 0  0.1043132345579689 1.139042400571535 0  -0.8781363181821984 0.2949364212843332 0  -0.8481875670212581 0.2170346156036286 0  -0.8306874268523894 0.3603882773107001 0  3.931458728954216 0.3515625 0  2.576826256310992 1.957873318658 0  -0.7524156441534788 0.3564490127825296 0  -0.7118181399968299 0.2866509458885528 0  -1.272495129554027 1.060514118977797 0  -1.239282846748814 1.131802490804224 0  0.5944712178520281 2.183545864569763 0  1.327059520526919 0.2749438164979346 0  1.640600836201668 1.527541599295198 0  0.5762254323013982 2.34750133035878 0  2.894148201844034 0.1869414548782001 0  2.585335870241234 0.5535331187601413 0  -0.02541125865756531 1.678117287905418 0  3.307504733482348 1.915498530244035 0  3.243839214482546 0.07736265138250796 0  3.518952356640532 0.637573212756943 0  -0.02874765170709948 2.160352626436134 0  -0.2025692240691687 0.9692248964875877 0  -0.57891698623009 1.600197563047044 0  2.549741863405028 0.8667194288260308 0  -0.6272885792455482 1.97535765772585 0  -0.3413723002744189 0.9873505060014691 0  -0.4502073033098755 2.298181472174915 0  3.495301422787035 1.854384470673952 0  -1.172327317746352 0.3843275038736173 0  -1.251551972106159 0.4580308446600866 0  -0.6848045659023456 0.8727044234452966 0  -0.7790723909010893 1.990578240366071 0  -1.42135194885993 1.250399438526552 0  1.013973415207272 2.209653642721789 0  0.5787335701020145 2.424594075956793 0  3.030481694134387 1.06209233274825 0  1.185264336303778 0.6172676733286319 0  1.650133451977097 2.196055414894095 0  1.729912052162798 2.196872527993969 0  -0.4384640373932776 0.8290416500972814 0  -0.5458912818671779 0.7688101879705617 0  -0.04610350872798828 0.741777990153784 0  0.7879507188845256 2.429537466872297 0  3.058979995015652 0.8142437377710718 0  2.862712988666464 0.4677533683667434 0  2.968362509319636 0.9746955117651099 0  1.942264878921238 1.112399692278009 0  0.4881143411882082 1.69420003833157 0  0.4912117502712757 1.800645365751591 0  2.895664083954629 1.388814436395183 0  -0.9189106660926218 1.261114647159875 0  0.1599542736824604 0.7392550683945697 0  2.00285180237427 0.2176378563714576 0  2.10818957756027 0.3309611100195486 0  -0.4301352577385646 1.617537737541482 0  0.9312608590155714 1.536304696649287 0  0.9876480669959554 1.625568651372704 0  1.005894266972448 1.471760443261608 0  -1.266978388912711 1.63782037366756 0  0.2051064311812611 1.095381065607691 0  3.156759881413593 0.4325153109274466 0  -0.9642033183321109 0.2966289139870537 0  0.4493833573471126 2.213997521791383 0  -1.030882087627684 2.082563076915375 0  0.1767476706174065 1.267473225940617 0  3.809970231050403 1.482126403517958 0  3.217019950933961 0.1916238119518144 0  3.323613966094224 0.2138390728401951 0  -0.5265196733505688 1.509803992157571 0  -0.6392544716918263 1.009477533388216 0  1.259547890457108 0.6540128027188206 0  -0.8336266703553572 1.482263575286564 0  3.214959499951728 0.8269674631648958 0  1.147487074326967 1.346121669432249 0  3.130272638831285 2.424350886307562 0  3.726687415547178 0.1760485891399859 0  -0.712399611655644 0 0  -0.7533515916089933 0.08133811380555138 0  0.1684141591916107 1.642934285294363 0  1.706721140939188 0.9625722028008683 0  1.693981112288381 1.620554901775645 0  0.6818722842118496 2.058130309027291 0  0.5785290751311774 2.087642401954626 0  3.174402206016937 1.419348997456785 0  -0.5484639083951778 2.18108493933138 0  -0.8350827606677774 1.124166985191952 0  1.496952853977405 1.476169065210745 0  3.40855192157592 0.08753675279023629 0  1.038168503307578 1.241514823811104 0  1.505026980087704 0.3653411044359928 0  0.3776239847968238 1.799157776242051 0  -1.190349999501821 2.288095558954454 0  3.2990473908378 2.206523432919131 0  -0.9068983319027366 1.569662759403258 0  -0.6451675124585798 0.4434645846933515 0  -1.095742945157555 0.4665224780929824 0  0.8693879748090758 1.828908588069953 0  0.936939575126436 1.71898657567366 0  0.7945904274831299 1.733056640299853 0  2.952512782974008 1.125196914854609 0  1.735119663088903 1.289478138924538 0  -0.4864269186921214 0.9750826661606202 0  -0.442474871213683 1.808673785515155 0  3.00604634113045 0.5148584010383809 0  1.536424494085155 1.369387838098982 0  -0.6801201245263306 1.510135973415632 0  1.062914540134077 2.339627175876734 0  1.03515625 2.439312053933071 0  -0.3057775196189862 1.920655329257951 0  0.3783066377424816 1.206258216842157 0  1.895438975150213 1.604392181084422 0  3.71347374701402 0.8065402236074761 0  0.4653886232070658 1.422748344290146 0  -0.5814048476290107 1.328379332803421 0  3.492649160402634 1.295899547717843 0  1.907962909476399 1.82602535870979 0  3.002264872920505 0.07337294949411428 0  2.381682201608868 1.692573811768229 0  2.484033757434829 1.594942635362825 0  2.336691400150048 1.61383810989716 0  1.608514839271929 0.4688634442336655 0  1.6480622624732 0.5725957338486224 0  1.742765749881482 0.5309014861729653 0  -0.304377593767135 1.228328947078026 0  -0.1866388876493005 1.210422775269033 0  2.789169710303876 0.4227538161343419 0  2.820507970835925 0.3220361576009413 0  2.92724322347057 0.4126005628674782 0  2.681983369113253 1.963089695368212 0  2.711551414869287 0.66167008480488 0  0.06214486443053564 1.283437427813968 0  -0.08854544829586382 1.817733159478931 0  1.77368413234554 1.409039573083353 0  2.229273687301365 1.833797620156348 0  0.3331447861525626 1.468272452129498 0  0.2113999590622392 1.500910722842788 0  0.2519466936794407 1.589702917397794 0  3.319844502813502 1.429149582310129 0  -1.206719934675635 2.006568880921743 0  3.926109499855129 2.026766585814755 0  0.02478540173439906 1.622625119934562 0  3.625006975670117 2.432161443497142 0  0.6217653577643447 0.1738684499840439 0  1.249663244679435 2.123643680452215 0  1.126634005431811 2.201371563638302 0  0.8357796823496595 2.129159517207038 0  0.9253314991069373 2.078178847829377 0  0.7866544478985987 2.014713887141734 0  -1.088952717773671 1.571106358996071 0  -0.9836611043579859 1.676091785172648 0  2.970663614952274 1.647104053997223 0  0.8897588773897482 1.99363021215146 0  2.978291819528239 1.985794708357524 0  1.386675432393906 1.065924991199898 0  0.1991358886137742 2.376289787061129 0  -0.09731784569671353 0.8775207592945851 0  2.628767099518022 2.092118420957492 0  -0.1311678820800698 0.9530612058839533 0  -0.68359375 2.440788051970848 0  -0.6716209701606922 2.190626971568861 0  2.354251271069838 0.7196932245071906 0  -0.330206020762374 0.7187599666335146 0  -0.4185567636321396 1.40168919154164 0  3.934872219492437 0.1953125 0  -1.332087767162544 0.2555611744190666 0  -1.428830530619814 0.3373199516422696 0  -1.331963017162079 0.3952210252355517 0  0.916117008538905 0.8177794632149371 0  2.716058407327792 1.071824897043072 0  1.869805369845854 1.896955597342174 0  1.985357641821342 1.981375636856152 0  -0.7376644754978138 1.299024453605109 0  0.8092893218813453 1.182426406871193 0  0.9507106781186547 1.182426406871193 0  1.692989875413533 1.148765281966631 0  1.595627521460977 1.675888864953865 0  1.409875323883285 2.095836434302019 0  1.104273847453828 1.414474442539878 0  1.178475481166558 1.49324306262021 0  3.717869566999585 2.35288705920706 0  1.804143828758545 0.8419007645952721 0  3.110080640811275 1.28339947115776 0  3.12332809598456 1.178912693162074 0  -0.913235612729544 0.1567142638774298 0  3.676463578648378 2.287614811913556 0  0.4409718286410004 2.322097093409595 0  2.446827243119861 0.1875361095833596 0  2.533444530437457 0.07235325949688616 0  1.800012579011754 2.127287219427622 0  3.200246786335283 0.9380682093123143 0  3.480611962857938 2.427105927767212 0  2.644954434332976 0.6906810847848165 0  2.593261562410409 0.6357464332451578 0  -0.42578125 2.439367024613111 0  -0.3484045390973136 2.334897674538297 0  1.417739843850104 1.959888396630395 0  3.31231701761684 1.581551864669571 0  3.0734597962064 1.531827648170208 0  3.576780278898783 0.5941073864233368 0  1.456967237537566 0.8793177748952711 0  -1.431913572183065 2.397239072829815 0  2.461091569060043 0.5604730450447473 0  3.924179048049757 0.062693507642247 0  -1.439415354742742 0 0  3.811523957293345 2.22996806683335 0  3.939416704432203 2.3046875 0  3.351809974561074 2.141552547878439 0  3.323967623444548 2.070274031166719 0  1.586409207988193 0.7054382533230619 0  3.50629002962378 1.961845449355885 0  1.760453123444724 1.851101515614128 0  0.3542315133352495 2.214530728203022 0  3.206945915060103 2.111203368305641 0  -0.6957838726998933 1.655016101311074 0  -0.7492656951669442 1.565259782368004 0  -0.8376344650098234 1.630481735637229 0  1.478449995711712 1.245552389434693 0  -0.5894997162683189 0.3928591995830202 0  3.421805990476953 0.7084625058692999 0  -0.7799564349570117 0.5048112330380131 0  -0.6437677506749693 0.3106853249315329 0  2.769985928153008 1.933638832590981 0  2.893156270743714 1.901786621160288 0  2.775502408670681 1.820489724536472 0  2.892244071803514 0.3077704797999676 0  1.989308694609441 0.4345573945861792 0  3.861313136695264 2.340851084682356 0  0.3186177493105592 1.673308611257581 0  1.261290587738541 2.254020830835407 0  1.755373669333195 2.263966298310401 0  0.43359375 2.442328612380618 0  -0.8335689021701603 0 0  0.7300791537631098 2.168039477650209 0  3.623619234361676 0.3160561999336944 0  1.275227863600125 1.691425119576175 0  1.573481191520423 0.949534878248149 0  3.64320784466854 0.7289879965950902 0  1.564096436292117 1.820427366402095 0  1.560135723642567 1.965499398336184 0  1.510856882982066 2.048004029978109 0  3.230223501497204 1.070427822017306 0  2.229593546146333 0.2473111858579141 0  2.216091338070086 0.349256889203013 0  2.339443408462027 0.2809967380612142 0  -0.3954628052372783 0.3848473403458059 0  1.140134553429718 2.30913781223722 0  0.5796917257257103 1.447449683766655 0  1.88779710650837 0.5434646881579752 0  3.27989147684063 0.7215307802947289 0  3.176834574172807 0.686640018764299 0  3.150031710910937 0.7906048621484197 0  3.835168583689832 1.729886924403773 0  3.063186154804982 0.9153819040330986 0  3.33322169377283 0.9187075450123098 0  3.407760891495828 0.9252510575100126 0  3.451709730288158 0.8678143446223586 0  -0.5786165967941006 1.724397344275665 0  -0.6805857344767928 1.365343303105109 0  3.043749080260697 1.644517250181397 0  -0.2473422384866853 1.61475310224452 0  3.663776011854661 1.498738832694001 0  -0.4879817571525488 0.1579821280838413 0  2.574013237804052 1.54921865963678 0  1.118058896332347 2.10056552773526 0  3.938850588572301 1.5234375 0  3.662913202577769 0.875749228981388 0  -1.120365174969863 1.88151898711169 0  2.941044044402535 2.434298794188731 0  2.837216379061199 2.338166103187854 0  3.645049468833817 0.383893992836076 0  1.367405673523473 2.038219933573466 0  3.372143229317951 0.6115736850661542 0  3.444704218190593 0.5525226456070729 0  2.636788586942346 2.342117747459496 0  2.757635817629895 2.338793511049427 0  1.032427728273668 1.988136169169764 0  1.826441583791309 2.268778362730195 0  2.773614782032584 2.068040160377455 0  1.606151113763644 0.2027299401071846 0  1.677523738704836 0.1819516646901172 0  3.080394035769259 1.389115223278246 0  -0.2231310234059265 1.483537500109 0  1.340640501332659 0.7429968395485262 0  -1.236755877371901 0.1800981036990001 0  2.485132205477868 2.015179531449602 0  0.9390761629801452 2.330428884131717 0  1.174221847622135 1.906291340027141 0  1.140677215550689 1.994776267102863 0  1.277233065415075 2.002280063669556 0  0.21443606860992 2.190745249196472 0  3.784426211915828 2.296900073533078 0  0.2862162061079964 1.813487735933315 0  0.4413307094854836 0 0  1.896238758883153 2.017845891413156 0  3.864720270330563 0.2017237089259383 0  2.386697078090969 1.967211768871419 0  -0.6896579662181428 1.137824743828177 0  2.604516009413267 1.423492635238854 0  3.166597423357606 1.563003888664796 0  3.000375739116286 0.1931857937062615 0  3.106583880291121 0.1752292380344109 0  -0.5813349751883734 0.8680476255387387 0  3.26953125 2.442420420398909 0  1.632459628102108 2.318031984204478 0  1.488094427246213 2.332124889977808 0  2.183096440295371 0.6473303901837998 0  1.392024503044579 2.239498376850819 0  3.574090504740069 0.5028095649052949 0  3.767946297481882 2.435251804124518 0  -1.114214012166906 0.2532915659751009 0  3.390592159451943 1.987595008045966 0  1.807912796438716 1.708148011020542 0  2.642780789388055 1.184658843112081 0  2.590924676519444 1.284490257647845 0  2.525194750461131 1.170300627419826 0  0.4186127307624626 1.68092501139371 0  0.3218486829545222 1.580626156751958 0  2.820648968727188 0.9681530645278503 0  2.529925623068085 1.343699993466579 0  2.440344476232294 1.397504039491274 0  2.393866189248177 1.306082653042311 0  3.927207248929503 0.7724894202935335 0  1.526711919376601 2.26433482415346 0  2.482057520431371 1.776250095505019 0  -0.3270595205269188 0.2749438164979348 0  -1.428463178237606 0.4764100940494964 0  0.8725359983790155 1.41858728100409 0  -0.7528987994088709 2.168271962018346 0  -0.6774136202971012 2.113082974574131 0  0.3894493062528679 2.084564598307086 0  0.468781617378229 2.123840132065954 0  0.69140625 2.44578231473031 0  0.6436374323012196 2.318227957518919 0  1.036014887467901 1.766310795594762 0  1.108988608857769 1.821232019224387 0  1.027720066471022 0.9214403561036697 0  -0.1791734678658241 0.7094283166481019 0  -0.1852643363037783 0.6172676733286319 0  -0.2465094439303208 0.6492313929368789 0  -1.323693519170034 2.324898705361836 0  -1.430968099172019 2.2575661509778 0  1.431149611655644 0.06190834890461536 0  2.801065668770923 2.205677887168251 0  2.080321749243083 0.06983460651953878 0  3.213443075934148 1.801219180639655 0  3.569573211696051 0.8234675428206759 0  1.924342028032646 1.380104144282551 0  -1.442325012438264 0.7421875 0  -0.1091820931614778 1.167651485872447 0  -1.435955828738568 1.376622975958188 0  -0.2231620015829847 1.810946594919206 0  0.2772676733286318 0.1547356636962215 0  1.198992128456451 0 0  1.185264336303778 0.06273232667136817 0  -0.1989921284564511 0 0  -0.1852643363037785 0.06273232667136823 0  0.198992128456451 0 0  0.1852643363037784 0.06273232667136817 0  0.8010078715435489 0 0  0.8147356636962215 0.06273232667136823 0  -0.9974588319384877 0.8361202968077226 0  -0.899634731205722 0.8587267082507174 0  -0.8011840042004276 2.055743124426374 0  -1.000063048234787 2.204340370546338 0  0.4483682405962874 1.618623380418945 0  1.126318609302865 1.554197529231883 0  0.09931954323026233 1.411866712731928 0  1.956092047128438 2.321583329626594 0  2.027069458371337 2.068979652739923 0  1.348190364345003 2.126954803462832 0  -0.877384933268596 0.4120927317082036 0  -0.9789207224768198 0.411223085560216 0  1.267235617887325 1.931858799585216 0  3.552065538475452 0.9789364021087826 0  -0.9547381926846766 0 0  3.398850509623697 0.217423568052043 0  -0.9465938618259407 0.6490166960607937 0  -1.049613048748069 0.6555808414143577 0  -1.028774900585214 0.5366443469291178 0  -0.1113245848592318 0.7201984287835005 0  2.970055439559691 2.056562739390425 0  -0.9038024223946474 1.718364900706925 0  -0.3543565038391794 1.971925013719947 0  -0.4572021589450009 1.922585801372012 0  0.2314274938639668 1.731079957145111 0  3.942690813747284 0.5078125 0  3.851565604025641 1.60079708217052 0  3.086606009408143 2.082769737687453 0  -0.7229447611535045 2.031802027741026 0  1.994960642282256 0 0  0.1473131306748604 1.784973225148631 0  -0.9605639368106238 0.542372000072772 0  -0.6079990387041073 0.1805419453205477 0  1.066330709485484 0 0  1.065056183502065 0.01294047947308129 0  1.097584275253098 0.01941071920962192 0  1.099496064228226 0 0  0.06633070948548363 0 0  0.0650561835020653 0.01294047947308128 0  0.09758427525309796 0.01941071920962191 0  0.09949606422822546 0 0  -0.06633070948548374 0 0  -0.06505618350206537 0.0129404794730813 0  -0.09949606422822557 0 0  -0.09758427525309804 0.01941071920962195 0  0.9336692905145163 0 0  0.9349438164979347 0.01294047947308128 0  0.9005039357717745 0 0  0.902415724746902 0.01941071920962194 0  0.9258440103511136 0.9713935265046023 0  0.9561314312754633 0.917580889381458 0  0.8638817533401382 0.8028020386435302 0  0.8852833886742185 0.8384552266570788 0  0.3796083159975933 0.7290985238975332 0  0.3908099173870185 0.7581027660720111 0  0.3898041579987966 0.7395492619487666 0  0.9291141112467608 0.8704908119989275 0  0.8552441646260238 0.8631176972676375 0  0.8697626706197427 0.8501761080137965 0  0.8818445461049461 0.9093263356924199 0  0.8962557191299547 0.8691213780169684 0  1.157688351653954 0.04430664280876536 0  1.165826773713709 0 0  0.1576883516539545 0.04430664280876536 0  0.1658267737137091 0 0  0.9186797706224183 0.01617559934135161 0  0.9170866131431454 0 0  0.08291338685685454 0 0  0.08132022937758163 0.01617559934135159 0  -0.08132022937758171 0.01617559934135162 0  -0.08291338685685465 0 0  -0.1576883516539546 0.04430664280876542 0  -0.1658267737137093 0 0  1.082913386856855 0 0  1.081320229377582 0.0161755993413516 0  0.8423116483460453 0.04430664280876542 0  0.8341732262862908 0 0  </DataArray>
</Points>
<Cells>
<DataArray  type="UInt32"  Name="connectivity"  format="ascii">8 596 977  64 506 752  476 1011 1327  666 1229 1587  274 771 1271  360 1016 1583  360 709 1278  1799 1800 1876  360 709 710  57 1016 1369  12 64 752  1795 1796 1872  434 565 978  491 1564 1565  29 66 962  504 704 1482  32 66 72  223 823 1249  361 1187 1376  432 838 839  1488 1756 1805  27 28 822  28 29 962  33 822 1291  32 59 72  869 1596 1598  414 656 818  297 714 806  714 830 1510  343 703 1097  39 1026 1438  581 994 1687  197 580 1284  676 852 1530  45 896 1776  51 774 1017  45 896 1399  49 50 61  51 52 1017  44 45 1399  43 1005 1529  832 1005 1529  187 608 1179  776 1727 1728  264 802 1688  30 1855 1856  30 31 73  235 665 910  246 780 1522  521 788 899  109 1071 1132  189 721 773  325 1003 1294  250 1048 1773  255 825 1516  130 595 936  452 1202 1319  280 761 762  253 1497 1538  706 1565 1789  490 1067 1392  494 1444 1447  145 1092 1110  498 669 919  265 813 1061  154 925 1649  378 925 1649  85 945 1616  165 1228 1247  288 522 912  93 1089 1574  447 1562 1563  242 793 1435  425 1181 1182  586 1694 1695  478 733 1605  168 1042 1113  144 1007 1130  704 1482 1820  201 1086 1286  103 1253 1379  294 956 1310  357 1119 1120  177 944 1382  266 909 1174  240 670 745  702 1210 1638  484 1307 1708  498 794 1254  461 1094 1692  572 1396 1663  394 726 1370  494 1442 1444  123 911 1466  210 530 1002  183 1121 1122  469 826 1656  113 839 1004  605 1093 1751  558 883 1352  115 1319 1640  318 1314 1505  279 811 1489  373 654 1036  132 836 972  462 840 1163  535 711 1814  642 1349 1701  257 542 820  904 1351 1689  443 856 858  442 787 1560  263 676 852  569 823 1249  236 569 823  274 771 1573  181 1019 1040  142 690 851  539 1105 1744  126 1010 1126  268 783 784  141 656 818  153 634 817  445 892 1365  276 657 1058  231 1556 1610  449 945 1521  369 1046 1730  127 810 1494  267 783 786  671 803 1375  392 948 1279  126 798 1400  164 1046 1730  77 630 1313  821 1233 1553  416 956 1183  212 938 1200  416 960 1270  298 766 1612  104 545 1059  323 673 1277  414 818 1536  604 1096 1247  280 558 883  374 609 1040  300 1536 1819  494 1442 1443  519 850 1253  135 623 1237  114 1215 1365  525 892 1386  765 1077 1101  41 580 920  343 1097 1231  328 999 1159  738 935 973  107 1569 1662  132 831 1601  640 1073 1079  153 716 1469  219 883 1352  247 730 1274  525 983 1386  479 1193 1645  854 1567 1665  277 564 1027  336 915 1177  204 913 1695  625 719 1706  321 722 1175  425 1216 1230  213 1336 1342  322 546 1360  288 901 1328  444 952 1131  135 902 1461  417 960 1270  417 1221 1304  92 666 1592  126 1010 1734  244 650 1115  290 841 893  315 603 1030  121 1255 1703  213 731 739  227 1460 1639  390 825 1516  255 732 1321  448 916 1512  171 1534 1656  381 1126 1227  365 1179 1180  469 1250 1654  631 759 1197  336 834 1082  177 854 914  320 743 995  872 1709 1715  366 606 970  177 914 915  776 1716 1728  353 889 1036  771 1271 1787  351 640 1073  351 603 1073  130 770 848  181 1019 1453  430 810 1494  335 680 1062  183 1119 1121  118 576 1304  754 908 1503  221 1185 1502  635 1244 1624  672 1171 1661  464 789 1619  429 1496 1497  382 959 1528  110 772 992  544 904 1689  560 1224 1664  868 1132 1490  520 698 1235  191 522 912  244 686 1070  507 1242 1476  517 1727 1728  193 1279 1747  150 873 998  432 839 1004  195 1224 1232  195 942 1593  320 923 1597  337 598 847  198 545 677  545 1059 1383  284 792 1094  387 1083 1232  566 1647 1648  412 618 707  412 1430 1431  508 842 1805  245 1668 1825  850 1253 1379  169 1296 1710  535 1695 1696  272 721 1501  189 564 721  859 1295 1677  169 1261 1377  632 744 1234  238 693 830  209 673 1301  701 866 1385  261 610 1549  102 878 1373  355 933 1495  557 1373 1374  158 641 1348  369 993 1170  502 1638 1739  426 1168 1181  536 877 922  175 552 1627  510 881 1550  318 881 1014  377 964 1326  377 1205 1326  400 624 641  642 863 1384  551 1300 1833  634 817 1194  236 695 1203  341 619 692  569 1249 1466  648 811 1085  224 648 1231  587 697 1685  145 695 1104  500 769 1198  226 1386 1645  205 586 1208  835 1639 1748  286 905 906  228 736 1486  117 650 742  295 951 1189  88 812 1047  385 1047 1302  85 527 755  381 1010 1226  212 938 1509  519 1823 1824  414 656 1470  845 957 1766  391 807 1246  235 665 804  314 746 1203  236 1203 1602  297 663 1308  579 1067 1392  678 714 1510  238 693 1471  384 1287 1441  136 705 740  283 1094 1404  207 1057 1316  241 1648 1751  452 696 1520  450 609 1541  167 906 1426  269 644 1305  329 736 1540  244 686 876  1163 1457 1581  439 705 740  751 1103 1323  279 645 1085  247 559 980  6 664 1207  339 691 1006  311 832 1005  249 712 953  187 1727 1775  376 1096 1247  483 948 1680  251 608 763  187 518 819  125 1711 1729  451 647 781  451 781 1538  457 1463 1509  254 1546 1655  529 1008 1290  278 857 1764  421 542 1297  542 820 1297  352 640 1079  315 718 1372  282 595 790  282 790 1263  548 1368 1401  135 613 687  519 1253 1346  585 1719 1720  489 585 918  7 664 676  65 844 1252  267 802 1688  267 799 1688  593 1817 1818  812 1302 1801  266 809 909  501 1174 1493  267 786 802  831 836 1746  91 728 1642  304 831 1601  718 1372 1761  229 654 1165  560 1083 1232  241 655 921  333 570 1057  567 828 1311  564 721 988  189 564 1027  497 1423 1700  462 741 1572  393 1271 1787  180 1079 1272  389 1121 1122  333 791 1058  657 1307 1708  459 756 1161  480 1042 1113  121 1559 1703  118 751 1103  417 960 1221  248 594 832  311 761 1005  478 716 855  128 845 1606  316 1042 1266  443 1089 1574  284 792 1827  599 792 1827  284 863 1384  108 1063 1230  604 1096 1773  143 1128 1154  366 910 969  391 905 906  297 678 714  209 795 1526  288 901 1136  702 1638 1699  500 769 1582  492 769 1198  175 552 808  91 668 1191  444 1131 1578  158 624 641  195 1593 1663  514 1195 1828  643 1015 1589  326 1020 1021  576 1221 1304  418 902 1461  304 831 893  117 729 1025  296 786 888  296 783 786  297 986 1363  297 663 986  254 766 916  298 766 916  154 925 1190  299 927 1621  300 750 1832  818 1536 1819  301 689 947  96 947 1212  304 893 1642  302 668 944  153 855 874  91 841 1642  243 728 1116  492 982 1198  207 982 1311  396 929 1240  306 954 1199  308 885 1218  493 1150 1599  523 886 1467  308 887 1467  310 1421 1646  479 1646 1667  144 762 1425  311 762 1425  122 757 1044  234 680 1236  338 738 963  225 587 697  24 697 1167  393 770 848  316 848 890  282 797 1089  443 1089 1196  595 790 1556  85 527 1678  428 1268 1571  384 1268 1441  618 860 1258  319 938 1495  533 708 1446  555 1224 1664  322 722 837  322 722 1473  364 837 1175  722 837 1175  737 795 1526  323 1059 1383  662 1391 1780  275 662 1391  173 824 1829  174 885 1600  113 1020 1060  326 612 873  469 871 1655  470 1015 1589  507 1476 1486  368 1622 1721  338 738 935  485 743 1714  331 528 843  151 935 973  332 574 1427  332 1001 1177  89 1138 1743  333 570 791  248 594 984  334 703 987  234 679 884  122 680 1062  460 854 914  196 571 1736  598 1283 1725  338 528 851  464 691 1006  339 575 1007  238 830 1510  340 931 1192  222 619 692  341 1110 1111  590 744 1234  224 1231 1539  343 994 1098  523 1467 1635  717 1169 1652  376 589 1726  358 628 1091  485 743 1715  276 657 1307  413 1122 1532  214 630 1239  369 549 1595  229 654 1213  351 603 1166  777 1034 1487  438 1034 1487  242 609 1615  94 786 888  327 723 1074  354 592 1259  232 1543 1824  631 979 1697  356 1031 1123  183 1122 1532  358 966 1669  216 637 685  753 1039 1278  280 762 941  242 696 882  21 22 978  362 587 1172  573 1075 1084  194 1075 1436  584 816 1312  140 1277 1303  953 1288 1675  249 713 829  606 970 1485  120 853 1568  535 913 1695  534 990 1694  524 1124 1637  388 702 1210  214 727 993  540 717 1282  203 1380 1635  203 623 1238  6 54 694  6 694 1207  121 726 1388  256 726 1290  132 831 836  373 654 1213  575 1007 1130  575 1527 1545  463 724 1584  441 1128 1726  589 1081 1474  376 1128 1726  661 1017 1608  378 925 1202  378 1202 1319  562 1020 1060  562 1060 1579  435 1125 1317  405 1412 1762  208 1280 1478  440 949 1227  453 959 1109  453 1109 1508  99 782 1325  782 1257 1343  35 1287 1322  428 1268 1441  323 903 1277  385 1301 1303  272 772 992  543 875 1659  163 702 1591  387 556 1285  394 1255 1328  109 900 1490  389 1032 1121  183 1222 1262  99 636 782  611 729 1025  391 906 1426  483 948 1617  483 1018 1680  180 1073 1079  588 771 1787  256 560 1664  121 767 1388  232 631 759  631 1197 1276  291 715 930  396 641 1348  306 758 895  106 1334 1814  498 794 1623  675 1484 1693  206 859 1552  400 739 1355  478 716 1607  230 626 689  159 626 1214  76 1354 1407  404 731 1413  206 735 1762  354 723 1259  422 732 1321  651 775 1193  240 775 1580  409 1102 1643  1026 1028 1438  197 1098 1687  411 1379 1380  658 1380 1635  136 740 1576  439 1163 1581  701 866 946  414 1469 1470  716 1470 1607  81 556 1285  200 867 1117  294 902 955  416 1183 1206  184 1169 1652  540 1503 1771  418 902 955  418 993 1046  419 1368 1401  166 738 963  166 1401 1402  420 548 1402  835 1460 1639  591 1639 1748  422 1012 1260  1317 1318 1826  509 1732 1825  467 1576 1577  424 695 1481  746 1203 1602  445 1365 1366  200 605 1468  415 971 1458  426 1124 1637  284 861 863  427 867 1135  428 1505 1571  37 880 881  149 647 781  248 674 984  430 779 975  430 1174 1493  173 1472 1829  431 1253 1269  293 838 839  432 1472 1803  596 844 1782  8 9 977  551 1267 1702  434 1160 1267  607 1125 1387  435 1012 1260  436 964 1326  53 1205 1326  118 1523 1771  279 645 1323  438 1011 1327  353 1011 1099  87 956 1183  211 1430 1581  208 590 744  440 949 1478  347 628 1158  788 1337 1559  521 1255 1703  278 856 858  93 797 1089  498 669 1622  368 868 1132  199 1049 1135  446 867 1135  566 1533 1647  605 1093 1650  154 801 1562  447 778 1561  448 643 1015  448 916 1398  449 945 1616  449 1453 1521  609 1248 1615  609 1248 1541  819 1774 1775  224 645 646  696 882 1520  452 1319 1676  455 699 1459  504 869 1596  33 34 1291  563 1090 1741  563 756 1557  814 1588 1592  645 646 1339  660 997 1463  660 1463 1509  458 1060 1579  458 1119 1120  277 1027 1740  459 756 1557  460 834 914  460 834 1161  670 745 1281  461 1361 1692  211 1457 1581  87 840 1163  193 1068 1747  463 1585 1704  248 674 1498  464 789 1618  255 732 1735  803 1371 1375  277 1455 1740  466 853 1568  218 1233 1553  467 747 1575  468 1347 1554  468 986 1363  469 659 1250  395 659 1250  612 873 1590  470 873 998  167 906 1201  611 1570 1632  473 1395 1627  217 472 552  552 1395 1627  472 552 1395  290 574 894  127 784 785  475 777 1034  475 1248 1615  299 925 1202  476 1011 1099  308 885 887  477 885 1600  845 957 1606  240 651 775  651 1193 1645  282 595 936  393 848 890  184 549 805  482 561 943  482 1018 1679  554 948 1617  554 948 1279  176 1709 1715  485 1037 1151  485 872 1715  486 928 1718  17 709 710  488 1010 1610  1010 1226 1610  585 844 1719  297 678 1308  490 1086 1392  102 618 707  706 1064 1565  570 1057 1316  210 530 601  493 1106 1333  341 897 1111  111 1444 1447  600 1244 1815  496 897 1535  362 587 672  462 741 1306  497 741 1306  503 794 1681  503 794 1254  499 1777 1779  499 704 1777  512 1620 1749  234 884 1493  538 679 884  426 1054 1124  81 1054 1124  306 711 913  503 954 1254  27 996 1482  27 822 1482  86 1153 1475  505 1096 1773  57 506 1016  506 752 1016  507 1241 1242  736 1476 1486  581 821 1553  811 1488 1489  202 960 1221  509 1183 1206  410 1233 1437  510 1233 1437  325 1002 1003  432 1294 1803  147 974 1100  512 1667 1731  391 905 1246  513 807 1758  129 1195 1653  270 1077 1101  291 929 1240  515 1063 1230  187 819 1775  646 814 1537  608 763 1813  763 1729 1813  253 667 819  789 1619 1806  137 553 610  553 610 1549  526 1235 1755  698 1235 1755  258 788 899  521 899 1738  650 742 1305  109 522 686  523 907 1634  524 952 1131  426 1181 1182  305 983 1215  114 567 828  244 876 1753  522 686 876  527 1188 1678  251 1180 1188  331 1038 1428  690 851 1134  533 708 1597  320 923 995  530 1002 1003  530 1003 1333  399 625 719  399 719 1341  262 778 1561  262 852 1530  151 973 1283  533 1283 1725  534 1513 1630  83 1484 1693  204 1694 1695  535 711 913  421 1298 1748  188 820 1297  501 884 1493  182 538 679  134 1105 1147  539 760 1745  250 754 908  754 1503 1771  219 1078 1352  219 964 1389  110 835 1298  272 721 989  386 904 1351  543 835 1713  544 990 1513  544 1690 1691  328 643 1589  198 545 999  592 1434 1790  547 1162 1222  210 547 1162  260 632 744  419 1400 1809  131 549 1148  185 1517 1518  681 1300 1833  550 681 1300  217 552 809  217 639 809  355 932 1543  137 553 932  724 1584 1810  554 724 1810  107 1396 1718  572 928 1396  556 1056 1785  292 556 1056  660 938 1509  557 878 1200  115 1319 1676  559 980 1640  436 1078 1723  247 559 1723  394 1065 1370  560 1065 1083  317 862 945  381 561 1651  194 1436 1579  573 1393 1707  455 699 1090  699 1090 1741  665 988 1501  721 988 1501  22 565 978  565 1173 1702  333 961 1057  566 655 1653  114 1093 1650  567 1093 1751  573 1075 1436  194 568 1075  236 569 1480  569 911 1480  570 791 1743  89 846 1315  337 738 973  93 571 847  572 1593 1663  514 942 1593  363 796 1084  363 1075 1084  332 668 1191  841 893 1642  249 953 1293  339 575 829  279 576 879  279 1103 1323  295 742 1464  132 653 951  578 1811 1812  578 1442 1444  491 1064 1565  237 579 1564  580 1026 1028  41 580 1026  994 1098 1687  581 1223 1553  166 582 849  259 582 849  583 931 1192  583 931 1802  816 1312 1367  230 626 1367  335 1062 1720  263 844 1719  205 1351 1689  586 1695 1696  225 614 1087  225 697 1087  101 588 771  352 777 1487  165 604 1247  375 589 1228  590 1105 1744  208 590 1744  169 1260 1261  227 1295 1677  198 1045 1434  354 1009 1045  583 633 1251  633 1251 1818  231 862 1245  130 595 800  263 596 844  8 1041 1452  126 1126 1629  597 1670 1717  598 847 1736  571 847 1736  599 991 1705  221 1442 1443  530 601 1106  90 601 1106  370 1237 1238  370 1239 1313  315 603 1372  520 1760 1761  437 1048 1673  165 604 1673  605 971 1458  200 605 971  167 606 981  302 606 981  206 607 1762  607 1125 1317  608 1179 1180  251 608 1180  450 609 1040  374 793 1435  273 741 1572  261 687 958  243 1632 1633  167 1426 1570  293 612 1822  293 838 1275  273 613 958  613 687 958  614 1110 1111  225 614 1111  554 1279 1747  88 616 1047  812 1047 1302  298 737 795  104 617 940  557 878 1373  102 878 1722  619 750 1076  341 619 1660  412 1345 1431  620 1505 1571  621 1347 1554  766 833 1698  264 622 801  94 786 802  687 1378 1433  623 1237 1238  397 624 1335  625 1336 1342  397 625 1336  711 1334 1814  402 1256 1390  265 1302 1801  230 627 813  441 1154 1548  358 628 1686  214 630 1127  77 630 1143  355 979 997  232 631 979  260 632 749  84 632 749  265 633 1061  627 813 1061  359 685 874  634 1185 1502  359 634 1185  100 635 1186  390 803 1371  390 636 782  359 635 1186  359 1186 1330  336 834 914  105 638 1082  639 809 909  501 909 1174  152 1080 1184  654 1164 1165  220 1349 1353  396 1349 1701  396 1063 1240  642 1349 1506  328 643 1159  104 643 1159  644 742 1305  229 652 1051  246 1339 1588  646 814 1339  451 647 1539  92 814 1537  343 648 1231  149 647 1097  116 811 1488  116 648 811  649 1690 1691  83 1484 1691  244 650 1609  650 1118 1609  226 983 1386  240 651 892  269 1051 1324  78 1372 1761  653 951 1189  295 644 1189  351 1164 1165  152 654 1164  655 1195 1653  292 655 1195  141 656 1358  301 656 1358  103 658 887  411 850 1379  293 659 1822  171 1656 1822  319 933 1495  660 938 1495  46 47 1850  1608 1853 1861  579 663 1067  237 579 663  371 694 1207  6 7 664  120 970 1568  120 970 1544  666 965 1716  252 1716 1728  124 518 667  518 667 819  302 668 937  91 668 937  669 1622 1721  190 1210 1638  199 670 1217  446 1049 1135  409 1411 1604  732 1604 1735  496 1447 1448  362 1173 1702  209 673 1309  323 673 1309  429 1496 1498  149 674 1496  286 675 1484  83 1241 1693  263 596 1041  263 676 1041  322 677 1360  545 677 1383  424 911 1013  569 911 1466  335 680 1236  182 489 918  312 779 975  312 757 1044  186 681 1833  681 1024 1518  301 656 967  340 693 1471  145 614 1110  303 733 1605  216 536 922  109 686 1071  109 1132 1490  411 623 1433  261 687 1378  274 688 1019  317 800 891  301 689 1265  230 689 1265  528 851 1134  330 690 1134  311 832 1514  311 761 762  340 692 1092  340 692 1192  287 714 830  287 830 1072  54 694 1511  694 1050 1511  424 911 1480  145 695 1481  696 1187 1376  452 696 1676  314 746 1022  269 698 1324  652 1051 1324  453 699 1459  189 773 1507  192 700 1540  192 1242 1476  210 866 1385  349 701 1385  163 1065 1083  388 702 1211  197 703 1284  334 703 1284  223 1596 1598  499 1602 1779  705 1430 1431  136 705 1431  384 1287 1322  239 1268 1571  706 707 1064  239 706 707  708 1446 1569  107 708 1569  16 17 709  18 1112 1792  487 710 1112  397 711 1334  306 895 976  124 712 1288  712 953 1288  713 829 1527  181 713 1527  138 737 806  287 737 1526  119 954 1254  758 895 1555  153 716 855  716 1469 1470  164 717 1730  369 993 1046  258 899 1760  768 787 1114  531 1552 1706  859 1552 1677  532 1062 1720  122 532 720  257 773 989  721 773 989  79 1419 1473  327 1052 1074  724 966 1669  463 724 966  423 1488 1756  423 725 1756  394 901 1328  256 726 1370  418 727 993  630 1239 1313  471 1632 1633  471 1570 1632  295 644 742  243 729 950  378 730 1649  154 1292 1562  404 731 739  399 625 1342  422 1012 1445  422 1320 1321  303 877 922  220 1349 1506  400 641 1353  399 731 1340  206 719 1341  329 736 1107  228 736 1107  714 806 1737  737 806 1737  166 738 1332  337 738 1332  400 739 1354  213 739 1355  740 1576 1577  245 1519 1577  273 741 1791  137 741 1791  117 729 1464  117 742 1464  331 743 1714  924 1038 1428  208 1478 1479  597 1479 1670  95 745 1281  24 25 1022  25 746 1022  620 1314 1505  318 747 1314  548 749 898  420 548 898  748 749 898  84 748 749  578 1194 1812  111 750 1811  437 780 1522  118 751 1523  12 13 752  360 1039 1278  13 14 1039  14 753 1039  250 754 1451  604 1048 1773  249 713 755  449 713 755  460 756 1455  460 756 1161  447 1069 1563  122 757 1069  291 715 758  119 715 758  431 1253 1346  511 1803 1829  345 615 760  193 615 760  44 761 1397  280 761 1397  361 941 1220  144 941 1220  483 1018 1636  125 1584 1810  178 764 1585  178 764 1474  765 1077 1783  270 815 1101  138 1554 1698  254 766 833  278 767 1764  372 857 1764  168 768 787  168 787 1560  492 769 1631  317 945 1521  274 770 891  450 1541 1573  101 1248 1541  257 542 772  110 542 772  453 773 1507  1109 1508 1816  774 1017 1608  1857 1860 1861  408 775 1580  776 965 1716  516 776 965  101 588 1329  101 777 1329  371 778 1292  262 664 1273  267 783 784  312 757 799  165 1228 1586  604 1048 1673  674 1496 1498  781 1497 1538  383 782 1257  383 782 1325  268 831 893  268 784 785  127 779 1219  127 784 1219  785 1225 1683  290 785 1225  353 888 1099  94 888 1099  258 718 1114  258 787 1114  442 1337 1559  258 788 1337  429 667 1806  429 789 1806  282 797 1263  259 797 1263  657 1058 1515  791 1058 1515  160 1403 1705  144 762 941  361 793 1376  192 794 1623  398 1241 1242  209 617 1491  209 795 1491  354 723 796  354 796 1499  259 582 1055  259 797 1055  126 798 1734  798 1400 1809  267 1219 1666  267 784 1219  770 891 1551  800 891 1551  801 1562 1563  264 801 1563  94 622 802  264 622 802  537 1320 1321  170 1371 1375  386 1351 1712  235 1394 1690  481 908 1626  346 1153 1671  297 806 1363  138 806 1363  117 650 1118  391 611 1025  474 894 1684  266 810 1682  552 808 809  266 808 809  127 810 1683  127 785 1683  279 811 1085  423 1488 1489  88 812 1802  88 931 1802  265 584 813  230 1312 1367  92 814 1592  456 1588 1592  514 1593 1821  129 1195 1828  140 584 816  364 837 1449  300 817 1812  817 1194 1812  593 1818 1819  141 1061 1818  516 1774 1775  253 819 1774  383 1325 1528  188 1257 1343  410 821 1233  197 580 1028  934 962 1492  499 704 823  223 704 823  759 1346 1465  431 1346 1465  188 1297 1674  390 782 1343  826 1534 1656  448 826 1512  815 827 1101  129 815 827  305 828 1215  525 983 1215  249 712 829  339 712 829  88 693 1072  693 830 1072  296 836 1746  268 831 1746  248 789 1618  248 832 1618  457 621 833  457 833 1546  638 834 1082  157 638 834  543 835 1460  110 835 1713  373 889 972  296 888 889  322 903 1450  322 677 903  395 1275 1362  173 759 1197  326 1393 1707  293 839 1021  273 613 1088  273 840 1088  290 574 841  91 574 841  467 1577 1757  218 1014 1575  75 1037 1151  489 585 1338  233 957 1766  401 845 1766  289 769 1631  289 846 1631  93 847 1429  93 797 1055  316 848 1266  130 848 1266  419 849 1809  259 849 1809  261 1549 1823  411 1378 1433  420 1000 1424  338 851 1000  532 720 852  262 720 852  277 564 853  120 564 853  466 853 1665  177 854 1567  685 874 1724  855 874 1724  278 571 856  93 571 856  196 571 857  278 571 857  442 1558 1560  278 858 1558  380 859 1295  380 859 1387  497 860 1258  497 860 1700  861 1361 1692  199 861 1361  800 1245 1752  317 800 1752  861 863 1344  108 863 1344  308 886 1467  146 1043 1634  146 864 886  307 864 865  547 866 946  210 547 866  427 1344 1440  427 867 1117  368 868 1721  190 868 1721  34 869 1322  454 869 1322  142 851 1000  142 870 1000  457 871 1546  82 997 1463  484 872 1709  348 872 1152  326 873 1393  150 873 1393  359 874 1750  153 874 1750  367 1209 1786  367 875 1204  191 522 876  526 876 1754  303 733 877  281 733 877  319 860 1722  319 878 1722  202 879 1531  423 879 1531  318 881 968  37 881 968  880 881 1550  510 881 1014  179 882 1520  475 882 1034  541 896 1399  219 541 883  501 909 1784  174 1003 1333  174 885 1218  864 865 886  308 865 886  103 887 1525  103 1253 1269  373 889 1036  353 888 889  296 836 972  296 889 972  315 1030 1033  316 890 1033  317 688 891  274 688 891  525 892 1365  240 670 1364  268 785 893  290 785 893  474 1225 1683  175 894 1684  158 624 1335  158 895 976  377 661 1776  377 896 1776  341 897 1660  111 897 1660  313 870 1424  313 748 898  520 899 1760  191 1738 1759  288 522 900  109 522 900  163 702 1211  163 901 1211  135 613 902  294 613 902  837 1449 1450  322 837 1450  235 804 904  386 804 904  286 675 905  228 905 1486  366 969 1201  286 649 969  203 602 907  344 602 907  481 1153 1475  184 1503 1626  58 639 1784  639 909 1784  649 969 1394  649 1394 1690  678 1013 1542  911 1013 1542  521 1255 1328  899 1738 1759  306 913 1199  204 913 1199  332 915 1177  336 914 915  177 915 1382  668 944 1382  298 916 940  298 795 1491  468 917 1347  237 663 986  182 679 918  335 679 918  119 715 919  444 715 919  334 984 1264  334 987 1767  292 655 921  415 1056 1785  216 685 922  303 855 1724  708 923 1597  107 708 923  331 743 1428  151 924 1038  299 622 1190  299 925 1190  299 622 926  94 622 926  476 1327 1621  179 1034 1327  572 1593 1821  486 1077 1783  895 929 1555  158 895 929  515 1063 1240  215 930 1216  340 693 931  88 693 931  355 932 933  137 932 933  933 1423 1700  137 933 1423  32 934 962  32 66 962  151 528 935  338 528 935  480 1042 1266  282 1089 1196  91 728 1456  91 937 1456  319 878 1200  319 938 1200  92 666 965  451 1537 1539  916 940 1398  104 940 1398  280 941 1594  361 941 1594  195 556 942  292 556 942  381 561 943  172 949 1227  466 1567 1665  302 944 1566  862 945 1359  85 945 1359  112 701 946  413 1391 1780  96 682 947  301 947 967  172 949 1680  392 1280 1763  392 948 949  948 949 1680  295 577 950  243 950 1116  304 577 1601  295 577 951  190 952 1524  444 952 1524  365 527 1293  365 953 1293  306 758 954  119 758 954  294 955 1310  164 717 1282  840 956 1088  87 840 956  478 957 1606  233 1470 1607  261 610 958  273 610 958  156 455 1459  156 382 959  416 960 1206  202 960 1206  333 827 961  129 827 961  28 822 1492  28 962 1492  870 1000 1424  548 1401 1402  377 896 1389  377 964 1389  92 939 965  516 939 965  358 966 1686  178 966 1686  682 947 967  233 682 967  36 1287 1441  286 906 1201  286 969 1201  366 910 1544  366 970 1544  415 971 1168  200 971 1168  132 653 972  373 653 972  337 598 973  598 973 1283  974 1100 1749  309 974 1749  122 680 1044  234 680 975  306 711 976  397 711 976  9 71 977  71 433 977  62 434 978  21 62 978  355 979 1543  232 979 1543  247 730 980  378 730 980  471 937 981  302 937 981  828 982 1311  305 828 982  500 1198 1625  305 982 1198  594 1529 1614  594 984 1264  740 1519 1577  245 985 1519  237 917 986  468 917 986  674 987 1767  149 674 987  120 665 988  120 564 988  257 772 989  272 772 989  205 586 990  586 990 1694  220 734 991  403 734 991  386 804 992  272 804 992  214 629 1170  214 993 1170  343 648 994  116 648 994  486 923 995  486 995 1783  704 1777 1820  26 1777 1820  979 997 1697  82 997 1697  998 1009 1499  328 998 1009  354 1009 1499  198 999 1045  420 963 1000  338 963 1000  332 1001 1427  175 1001 1427  379 1162 1222  325 1004 1299  1003 1294 1768  174 1003 1768  379 1299 1504  113 1004 1504  43 44 1005  44 761 1005  339 712 1006  124 712 1006  339 691 1007  144 1007 1425  529 1446 1569  256 1008 1290  999 1009 1045  328 999 1009  440 1126 1227  381 1010 1126  152 654 1036  152 1036 1184  407 1012 1178  238 1013 1742  424 1013 1742  747 1014 1575  318 747 1014  171 1015 1534  470 873 1590  57 1369 1733  377 661 1205  661 1017 1205  251 1018 1636  482 1188 1678  688 1019 1453  450 1019 1040  839 1020 1021  113 839 1020  326 612 1021  293 612 1021  314 697 1022  24 697 1022  419 1023 1368  260 1023 1368  186 681 1024  494 1447 1448  391 807 1025  117 807 1025  39 40 1026  40 41 1026  563 1027 1740  189 1507 1741  197 821 1028  410 821 1028  463 1029 1704  252 1029 1704  890 1030 1033  180 890 1030  357 1032 1123  139 1356 1781  139 1031 1032  1031 1032 1123  315 768 1033  316 768 1033  179 882 1034  438 1034 1327  324 1066 1641  275 662 1035  353 1011 1184  353 1036 1184  330 843 1137  331 843 1037  331 528 1038  151 528 1038  360 1039 1583  13 1039 1583  181 1040 1545  374 1040 1545  8 596 1041  316 768 1042  168 768 1042  907 1043 1634  344 907 1043  680 975 1044  312 975 1044  354 592 1045  592 1045 1434  418 955 1046  164 955 1046  385 1047 1301  673 1301 1303  250 1048 1451  437 1048 1451  199 1049 1217  445 1049 1217  247 1050 1274  559 1078 1723  229 644 1051  269 644 1051  363 1053 1074  97 1053 1418  97 1052 1053  1052 1053 1074  415 1054 1168  415 1054 1785  93 1055 1429  582 1055 1429  415 921 1056  292 921 1056  961 1057 1533  207 1057 1533  276 827 1058  333 827 1058  209 617 1309  104 617 1059  1004 1299 1504  379 1222 1262  141 627 1061  633 1061 1818  122 532 1062  532 1719 1720  396 1063 1701  108 1063 1701  102 707 1064  491 1373 1374  394 901 1065  163 901 1065  662 1357 1641  1 1035 1066  123 911 1542  490 1249 1466  193 615 1068  358 615 1068  447 720 1069  122 720 1069  513 1118 1609  329 1070 1107  686 1070 1071  329 1070 1071  287 616 1072  88 616 1072  603 1030 1073  180 1030 1073  723 796 1074  363 796 1074  568 1053 1075  363 1053 1075  222 619 1076  1251 1817 1818  486 928 1077  270 928 1077  219 964 1078  436 964 1078  588 1079 1272  352 777 1329  152 640 1080  352 640 1080  178 1081 1474  441 1547 1548  473 1001 1177  105 1082 1628  163 1083 1591  387 1083 1591  150 998 1499  573 1436 1707  224 648 1085  224 645 1085  223 1249 1462  454 1086 1286  314 697 1087  145 614 1104  294 956 1088  294 613 1088  480 1113 1196  443 1113 1196  80 459 1557  80 455 1090  358 615 1091  55 615 1091  145 683 1092  340 683 1092  114 1365 1366  114 567 1093  461 670 1281  461 1094 1095  283 1094 1095  376 1128 1483  505 1149 1772  703 987 1097  149 987 1097  197 703 1098  343 703 1098  476 926 1099  94 926 1099  500 1100 1582  1100 1620 1749  276 827 1101  276 765 1101  5 465 1643  5 1102 1643  118 576 1103  279 576 1103  614 1087 1104  314 1087 1104  345 760 1140  539 760 1105  530 1106 1333  90 1106 1150  513 1070 1107  228 1246 1758  410 1028 1438  38 880 1550  383 1109 1816  257 1508 1816  692 1092 1110  341 692 1110  897 1111 1535  225 1111 1535  18 63 1112  63 487 1112  168 858 1113  443 858 1113  315 768 1114  315 718 1114  526 876 1753  269 698 1755  577 950 1116  304 577 1116  426 1054 1168  425 1117 1181  117 807 1118  513 807 1118  357 1032 1121  357 1119 1121  194 568 1439  194 1120 1439  413 1122 1780  389 1122 1780  547 946 1532  413 946 1532  356 568 1123  357 1120 1439  524 952 1739  524 1124 1381  380 1125 1387  435 1260 1261  597 1479 1629  440 1479 1629  214 629 1127  350 629 1127  285 1129 1483  1128 1129 1483  143 1128 1129  361 793 1220  793 1220 1657  215 930 1578  215 1131 1578  700 1071 1132  368 700 1132  368 700 1133  192 700 1133  528 843 1134  330 843 1134  427 861 1135  199 861 1135  288 900 1136  388 868 1490  843 1037 1137  75 1037 1137  271 791 1138  791 1138 1743  289 769 1139  147 1100 1582  760 1105 1140  134 1105 1140  148 657 1141  271 791 1515  632 1142 1234  84 632 1142  630 1127 1143  350 1127 1143  55 615 1144  345 615 1144  344 602 1145  77 602 1145  210 601 1385  90 601 1146  590 1105 1147  342 1142 1234  549 805 1148  346 805 1148  505 1454 1475  285 1149 1772  493 1106 1150  307 1150 1599  485 872 1151  348 872 1151  484 872 1152  148 657 1708  481 1153 1671  481 1454 1475  441 1128 1154  347 1154 1548  413 946 1155  112 946 1155  350 629 1156  131 629 1156  309 684 1157  0 1157 1422  628 1091 1158  55 1091 1158  545 999 1159  104 545 1159  56 550 1300  56 1160 1267  157 834 1161  157 459 1161  325 1299 1804  325 1002 1804  439 985 1163  87 1183 1831  351 640 1164  152 640 1164  229 652 1165  351 652 1165  351 652 1166  78 652 1166  697 1167 1685  23 1167 1685  200 1117 1181  200 1168 1181  184 549 1169  369 549 1169  369 1170 1595  629 1170 1595  362 672 1171  186 1171 1661  22 565 1173  23 1172 1765  362 1172 1173  266 810 1174  430 810 1174  364 626 1214  364 1175 1214  321 1175 1176  1082 1177 1628  336 1082 1177  1012 1178 1445  133 1178 1445  187 518 1179  365 953 1675  365 527 1180  527 1180 1188  215 1182 1216  425 1182 1216  426 1182 1637  215 1182 1637  509 985 1831  509 1183 1831  438 1080 1184  438 1011 1184  359 635 1185  221 1443 1624  637 1186 1330  100 637 1186  280 558 1594  115 558 1187  482 1018 1188  251 1018 1188  229 644 1189  229 653 1189  154 801 1190  622 801 1190  91 574 1191  332 574 1191  222 1251 1817  222 692 1192  155 1193 1405  479 1193 1646  634 1194 1502  578 1194 1502  514 942 1195  292 942 1195  282 936 1196  480 936 1196  395 1197 1362  838 1275 1362  305 983 1198  983 1198 1625  503 954 1199  204 1199 1243  557 917 1603  557 1200 1603  167 606 1201  366 606 1201  299 927 1202  452 927 1202  695 1104 1203  314 1104 1203  227 875 1204  227 1204 1677  52 1017 1205  52 53 1205  509 1206 1732  202 1206 1732  664 1207 1273  371 1207 1273  875 1208 1659  367 875 1208  531 1706 1786  106 625 1706  388 868 1210  190 868 1210  901 1136 1211  388 1136 1211  947 1212 1788  402 1212 1788  373 653 1213  229 653 1213  1175 1176 1214  159 1176 1214  114 828 1215  525 1215 1365  515 930 1216  515 1216 1230  670 1217 1364  445 1217 1364  308 865 1218  493 865 1218  312 779 1666  779 1219 1666  144 1130 1657  144 1220 1657  202 879 1221  576 879 1221  458 1060 1262  379 1060 1262  581 994 1223  116 994 1223  560 1224 1232  555 1396 1663  474 894 1225  290 894 1225  381 1226 1651  231 1226 1651  482 943 1679  381 943 1227  375 1229 1587  375 1228 1587  764 1585 1704  375 764 1229  427 861 1344  425 1230 1440  647 1097 1231  647 1231 1539  387 556 1232  195 556 1232  218 1014 1233  510 1014 1233  342 1147 1234  590 1147 1234  191 876 1754  520 899 1759  335 679 1236  234 679 1236  418 727 1461  370 727 1237  77 602 1313  203 602 1238  370 727 1239  214 727 1239  515 930 1240  291 930 1240  83 1241 1630  398 1241 1630  398 794 1242  192 794 1242  398 1243 1681  398 794 1681  495 1024 1518  595 800 1245  231 1226 1610  228 905 1246  807 1246 1758  589 1228 1247  376 589 1247  475 777 1248  101 777 1248  490 1086 1462  490 1249 1462  82 1276 1654  395 1197 1276  222 1192 1251  583 1192 1251  844 1252 1782  433 1252 1782  477 824 1269  431 824 1269  119 919 1254  498 919 1254  394 726 1255  121 726 1255  626 1256 1390  159 626 1256  188 820 1257  383 820 1257  211 1258 1430  497 1258 1306  162 723 1259  406 592 1417  591 1296 1377  169 1296 1377  435 1125 1261  380 1125 1261  183 1119 1262  458 1119 1262  488 1010 1734  488 790 1611  334 920 1264  42 920 1264  141 627 1358  230 627 1265  480 936 1266  130 936 1266  434 565 1267  565 1267 1702  239 1268 1432  384 1268 1432  103 1269 1525  477 1269 1525  416 1270 1310  416 956 1310  393 770 1271  274 770 1271  180 890 1272  393 890 1272  262 778 1273  371 778 1273  694 1050 1274  371 694 1274  293 659 1275  395 659 1275  395 1250 1276  1250 1276 1654  140 1449 1450  673 1277 1303  15 753 1278  15 709 1278  392 1279 1763  193 760 1745  392 949 1478  392 1280 1478  461 1095 1281  95 1095 1281  164 1270 1282  417 1270 1282  533 924 1283  151 924 1283  580 920 1284  334 920 1284  502 1638 1699  81 1124 1381  239 706 1432  706 1432 1789  34 35 1322  35 36 1287  518 1288 1675  124 518 1288  196 857 1289  372 857 1289  529 1289 1290  372 1289 1290  34 869 1291  504 869 1291  730 1274 1292  371 1274 1292  249 755 1293  527 755 1293  325 1004 1294  432 1004 1294  835 1298 1748  380 1261 1377  537 1320 1710  169 1320 1710  421 1296 1710  421 1297 1710  110 542 1298  421 542 1298  379 1162 1804  379 1299 1804  56 1267 1300  551 1267 1300  616 1047 1301  209 616 1301  385 584 1302  265 584 1302  140 584 1303  385 584 1303  540 1770 1771  417 1304 1770  650 1115 1305  269 1115 1305  211 1258 1306  462 1163 1457  484 765 1307  276 765 1307  123 1067 1308  663 1067 1308  617 1059 1309  323 1059 1309  164 1270 1310  164 955 1310  566 961 1533  567 1311 1647  230 813 1312  584 813 1312  602 1238 1313  370 1238 1313  136 747 1314  620 1345 1807  570 1315 1316  492 1315 1316  207 982 1316  492 982 1316  98 1317 1318  407 1012 1826  407 1318 1826  980 1319 1640  378 980 1319  422 1260 1320  169 1260 1320  537 825 1321  255 825 1321  384 1286 1322  454 1286 1322  814 1339 1588  246 751 1323  78 698 1324  78 652 1324  382 1325 1528  99 382 1325  436 1050 1511  179 927 1327  927 1327 1621  521 912 1328  288 912 1328  352 1079 1329  588 1079 1329  359 685 1330  637 685 1330  16 709 1331  15 709 1331  166 582 1332  337 847 1429  174 1218 1333  493 1218 1333  106 625 1334  397 625 1334  158 976 1335  397 976 1335  213 624 1336  397 624 1336  442 787 1337  258 787 1337  585 844 1338  65 844 1338  246 1323 1339  645 1323 1339  399 735 1340  161 1340 1412  206 735 1341  399 735 1341  399 731 1342  213 731 1342  390 825 1343  188 825 1343  108 1230 1440  108 1344 1440  412 707 1345  239 707 1345  431 824 1465  232 759 1346  212 1200 1603  212 621 1347  396 929 1348  158 929 1348  396 641 1349  641 1349 1353  386 992 1350  110 992 1350  543 1659 1712  205 1208 1659  559 1078 1352  115 558 1640  400 734 1353  220 734 1353  76 734 1354  400 734 1354  400 624 1355  213 624 1355  389 1357 1781  324 1357 1641  324 1356 1357  1356 1357 1781  627 1265 1358  301 1265 1358  561 862 1359  85 1359 1678  198 677 1360  546 1434 1790  461 670 1361  199 670 1361  173 1197 1362  173 838 1362  468 1363 1554  138 1363 1554  240 892 1364  445 892 1364  446 1049 1366  445 1049 1366  114 1366 1650  446 1366 1650  364 816 1367  364 626 1367  548 1368 1808  260 1368 1808  360 1016 1369  360 710 1369  560 1065 1370  256 560 1370  390 636 1371  170 636 1371  603 1166 1372  78 1166 1372  491 1064 1373  102 1064 1373  557 917 1374  237 917 1374  170 465 1375  409 671 1643  242 696 1376  242 793 1376  380 1295 1377  591 1295 1377  411 850 1378  261 850 1378  658 1379 1380  103 658 1379  411 623 1380  203 623 1380  81 1285 1381  502 1381 1699  332 668 1382  332 915 1382  677 903 1383  323 903 1383  642 1384 1506  599 1384 1506  601 1146 1385  349 1146 1385  651 892 1386  651 1386 1645  206 607 1387  206 859 1387  726 1290 1388  372 1290 1388  219 541 1389  541 896 1389  689 947 1788  626 689 1390  413 1155 1391  275 1155 1391  201 1086 1392  579 1564 1565  573 1084 1393  150 1084 1393  910 969 1394  235 910 1394  473 1395 1628  473 1177 1628  928 1396 1718  555 1008 1662  541 883 1397  280 883 1397  448 643 1398  104 643 1398  541 1397 1399  44 1397 1399  419 1023 1400  126 1023 1400  419 849 1401  166 849 1401  166 963 1402  420 963 1402  991 1403 1705  403 991 1403  792 1094 1404  160 792 1404  775 1193 1405  408 775 1405  240 745 1580  95 745 1406  739 1354 1407  404 739 1407  403 734 1408  76 734 1408  536 877 1644  281 877 1409  281 733 1410  128 733 1410  133 732 1411  732 1411 1604  735 1340 1412  735 1412 1762  731 1340 1413  161 1340 1413  162 723 1414  327 723 1414  233 682 1766  96 682 1415  607 1317 1416  98 1317 1416  592 1259 1417  162 1259 1417  568 1053 1418  356 568 1418  321 722 1419  722 1419 1473  322 546 1473  406 592 1790  1193 1421 1646  155 1193 1421  684 1157 1422  310 684 1422  497 741 1423  137 741 1423  313 898 1424  420 898 1424  691 1007 1425  311 691 1425  391 611 1426  611 1426 1570  574 894 1427  175 894 1427  320 924 1428  320 743 1428  337 1332 1429  582 1332 1429  618 1258 1430  412 618 1430  1345 1431 1807  136 1431 1807  384 1286 1789  384 1432 1789  135 687 1433  135 623 1433  546 1360 1434  198 1360 1434  242 609 1435  374 609 1435  562 1436 1707  562 1436 1579  38 1108 1437  410 1437 1438  1108 1437 1438  39 1108 1438  357 1123 1439  568 1123 1439  427 1117 1440  425 1117 1440  37 968 1500  428 968 1441  495 1024 1443  494 1024 1443  495 1244 1624  495 1443 1624  496 897 1447  111 897 1447  422 732 1445  133 732 1445  196 1289 1446  529 1289 1446  186 1448 1661  496 1448 1661  494 1024 1448  186 1024 1448  364 816 1449  140 816 1449  140 1277 1450  903 1277 1450  437 1451 1523  437 1522 1523  676 1041 1452  7 676 1452  449 713 1453  181 713 1453  481 908 1454  250 908 1454  277 854 1455  460 854 1455  471 937 1456  243 728 1633  462 1306 1457  211 1306 1457  241 921 1458  415 921 1458  156 959 1459  453 959 1459  227 875 1460  543 875 1460  727 1237 1461  135 1237 1461  454 869 1598  454 1086 1598  82 871 1463  457 871 1463  295 950 1464  729 950 1464  173 824 1465  173 759 1465  490 1067 1466  123 1067 1466  658 887 1467  658 1467 1635  200 867 1468  446 867 1468  153 817 1469  414 817 1469  656 967 1470  233 967 1470  340 683 1471  238 1471 1742  432 838 1472  173 838 1472  546 1420 1473  79 1420 1473  375 589 1474  375 764 1474  505 1149 1475  86 1149 1475  192 1476 1540  736 1476 1540  436 1326 1511  53 1326 1477  208 744 1670  208 1479 1670  440 1478 1479  440 1126 1629  424 695 1480  236 695 1480  683 1471 1742  145 683 1481  822 1291 1482  504 1291 1482  505 1096 1772  376 1096 1483  286 649 1484  649 1484 1691  302 606 1485  466 1566 1567  675 905 1486  507 1241 1693  438 1080 1487  352 1080 1487  508 1756 1805  116 1488 1805  279 879 1489  423 879 1489  388 1136 1490  900 1136 1490  298 940 1491  617 940 1491  33 934 1492  33 822 1492  430 975 1493  234 975 1493  127 779 1494  430 779 1494  355 997 1495  660 997 1495  781 1496 1497  149 781 1496  429 667 1497  253 667 1497  248 789 1498  429 789 1498  150 1084 1499  796 1084 1499  968 1441 1500  36 1441 1500  272 804 1501  665 804 1501  221 1442 1502  578 1442 1502  908 1503 1626  540 717 1652  379 1060 1504  113 1060 1504  428 968 1505  318 968 1505  220 991 1506  599 991 1506  699 1507 1741  453 699 1507  257 773 1508  453 773 1508  457 621 1509  212 621 1509  238 1013 1510  678 1013 1510  1326 1477 1511  54 1477 1511  254 916 1512  254 826 1512  534 990 1513  83 1513 1630  311 691 1514  464 691 1514  271 1141 1515  657 1141 1515  390 803 1516  255 803 1516  550 681 1517  681 1517 1518  495 1244 1518  185 1518 1672  439 985 1519  439 740 1519  452 927 1520  179 927 1520  688 1453 1521  317 688 1521  751 1522 1523  246 751 1522  754 1451 1523  754 1523 1771  669 919 1524  444 919 1524  885 887 1525  477 885 1525  209 616 1526  287 616 1526  575 829 1527  181 1527 1545  383 1109 1528  959 1109 1528  594 832 1529  43 1529 1614  262 664 1530  664 676 1530  725 1732 1825  423 725 1531  183 1222 1532  547 1222 1532  207 1311 1647  207 1533 1647  448 1015 1534  448 826 1534  496 1535 1658  225 1535 1658  414 817 1536  300 817 1536  451 939 1537  92 939 1537  516 939 1774  451 939 1538  646 1537 1539  224 646 1539  700 1071 1540  329 1071 1540  101 771 1541  771 1541 1573  123 1308 1542  678 1308 1542  553 932 1543  553 1543 1824  120 665 1544  665 910 1544  575 1130 1545  374 1130 1545  871 1546 1655  254 833 1546  441 1081 1547  178 1081 1547  628 1547 1548  347 628 1548  553 1823 1824  553 1549 1823  38 1437 1550  510 1437 1550  130 770 1551  130 800 1551  206 719 1552  719 1552 1706  842 1223 1553  218 842 1553  621 833 1698  621 1554 1698  291 929 1555  291 758 1555  231 1245 1556  595 1245 1556  80 1090 1557  563 1090 1557  442 767 1558  278 767 1558  121 767 1559  442 767 1559  858 1558 1560  168 858 1560  262 720 1561  447 720 1561  778 1292 1562  447 778 1562  757 1069 1563  264 757 1563  491 1374 1564  237 1374 1564  579 1392 1565  201 1392 1565  466 1485 1566  302 1485 1566  944 1566 1567  177 944 1567  970 1485 1568  466 1485 1568  529 1008 1569  1008 1569 1662  471 981 1570  167 981 1570  620 1345 1571  239 1345 1571  462 840 1572  273 840 1572  274 1019 1573  450 1019 1573  443 856 1574  93 856 1574  218 842 1575  467 842 1575  136 747 1576  467 747 1576  508 1668 1757  725 1668 1825  444 715 1578  715 930 1578  458 1120 1579  194 1120 1579  745 1406 1580  408 1406 1580  705 1430 1581  439 705 1581  147 1139 1582  769 1139 1582  752 1016 1583  13 752 1583  463 1029 1584  125 1029 1584  463 966 1585  178 966 1585  437 780 1673  456 780 1586  1228 1586 1587  456 1586 1587  456 780 1588  246 780 1588  470 998 1589  328 998 1589  470 1015 1590  171 1015 1590  702 1591 1699  387 1591 1699  666 1587 1592  456 1587 1592  270 928 1821  572 928 1821  558 1187 1594  361 1187 1594  131 549 1595  131 629 1595  223 704 1596  504 704 1596  320 924 1597  533 924 1597  1086 1462 1598  223 1462 1598  493 865 1599  307 865 1599  511 1294 1768  477 824 1769  577 951 1601  132 951 1601  499 823 1602  236 823 1602  212 1347 1603  917 1347 1603  671 1604 1735  409 671 1604  303 855 1605  478 855 1605  128 733 1606  478 733 1606  233 957 1607  478 957 1607  50 1858 1859  513 1070 1609  244 1070 1609  790 1556 1610  488 790 1610  790 1263 1611  259 1263 1611  298 737 1612  138 737 1612  42 920 1613  41 920 1613  594 1264 1614  42 1264 1614  242 882 1615  475 882 1615  85 755 1616  449 755 1616  763 1636 1711  483 1636 1711  832 1514 1618  464 1514 1618  464 1006 1619  124 1006 1619  500 1100 1620  226 983 1625  299 926 1621  476 926 1621  368 1133 1622  498 1622 1623  1133 1622 1623  192 1133 1623  221 1185 1624  635 1185 1624  512 1620 1731  500 1620 1625  481 805 1626  184 805 1626  473 1001 1627  175 1001 1627  472 1395 1628  105 472 1628  126 1023 1629  597 1023 1629  534 1243 1630  398 1243 1630  846 1315 1631  492 1315 1631  611 729 1632  243 729 1632  728 1456 1633  471 1456 1633  146 886 1634  523 886 1634  203 907 1635  523 907 1635  483 1617 1711  251 763 1636  524 1131 1637  215 1131 1637  190 952 1638  952 1638 1739  591 1295 1639  227 1295 1639  558 1352 1640  559 1352 1640  662 1035 1641  1035 1066 1641  728 1116 1642  304 1116 1642  671 1375 1643  465 1375 1643  877 1409 1644  2 1409 1644  512 684 1667  226 1645 1731  310 684 1646  684 1646 1667  567 1648 1751  567 1647 1648  566 655 1648  241 655 1648  730 1292 1649  154 1292 1649  605 1468 1650  446 1468 1650  561 862 1651  231 862 1651  540 1503 1652  184 1503 1652  566 961 1653  129 961 1653  469 871 1654  82 871 1654  469 826 1655  254 826 1655  469 659 1656  659 1656 1822  374 793 1657  374 1130 1657  587 672 1658  225 587 1658  205 1351 1659  1351 1659 1712  619 750 1660  111 750 1660  672 1658 1661  496 1658 1661  555 1396 1662  107 1396 1662  555 1224 1663  195 1224 1663  555 1008 1664  256 1008 1664  277 854 1665  277 853 1665  267 799 1666  312 799 1666  479 1645 1731  479 1667 1731  245 1577 1668  1577 1668 1757  724 1068 1669  358 1068 1669  260 744 1717  744 1670 1717  346 805 1671  481 805 1671  1244 1518 1672  600 1244 1672  780 1586 1673  165 1586 1673  188 825 1674  537 825 1674  365 1179 1675  518 1179 1675  696 1187 1676  115 1187 1676  531 1552 1677  531 1204 1677  561 1359 1678  482 561 1678  943 1227 1679  172 1227 1679  1018 1679 1680  172 1679 1680  1199 1243 1681  503 1199 1681  266 808 1682  474 808 1682  810 1682 1683  474 1682 1683  474 808 1684  175 808 1684  587 1172 1685  23 1172 1685  628 1547 1686  178 1547 1686  581 821 1687  197 821 1687  264 757 1688  757 799 1688  205 990 1689  544 990 1689  235 904 1690  544 904 1690  544 1513 1691  83 1513 1691  284 861 1692  284 1094 1692  507 1486 1693  675 1486 1693  204 1243 1694  534 1243 1694  367 1209 1696  535 1209 1696  586 1208 1696  367 1208 1696  631 1276 1697  82 1276 1697  766 1612 1698  138 1612 1698  1285 1381 1699  387 1285 1699  319 933 1700  319 860 1700  642 863 1701  108 863 1701  362 1171 1702  551 1171 1702  788 1559 1703  521 788 1703  764 1229 1704  252 1229 1704  160 792 1705  599 792 1705  106 1209 1706  1209 1706 1786  326 1020 1707  562 1020 1707  148 1152 1708  484 1152 1708  176 765 1709  484 765 1709  1297 1674 1710  537 1674 1710  125 1711 1810  763 1711 1729  386 1350 1712  543 1712 1713  1350 1712 1713  110 1350 1713  485 1037 1714  331 1037 1714  743 995 1715  176 995 1715  252 1229 1716  666 1229 1716  597 1023 1717  260 1023 1717  486 923 1718  107 923 1718  532 852 1719  263 852 1719  585 918 1720  335 918 1720  669 1524 1721  190 1524 1721  102 618 1722  618 860 1722  436 1050 1723  247 1050 1723  303 922 1724  685 922 1724  196 1446 1725  533 1446 1725  589 1081 1726  441 1081 1726  187 608 1727  517 1729 1813  517 1029 1728  252 1029 1728  125 1029 1729  517 1029 1729  717 1169 1730  369 1169 1730  1620 1625 1731  226 1625 1731  725 1531 1732  202 1531 1732  710 1369 1733  487 710 1733  488 1611 1734  798 1611 1734  255 803 1735  671 803 1735  196 1725 1736  598 1725 1736  287 737 1737  287 714 1737  191 912 1738  521 912 1738  524 1381 1739  502 1381 1739  756 1455 1740  563 756 1740  189 1027 1741  563 1027 1741  683 1481 1742  424 1481 1742  570 1315 1743  89 1315 1743  539 1280 1744  208 1280 1744  193 1279 1745  539 1280 1763  296 783 1746  268 783 1746  724 1068 1747  554 724 1747  421 1296 1748  591 1296 1748  512 684 1749  309 684 1749  359 634 1750  153 634 1750  241 1458 1751  605 1458 1751  862 1245 1752  317 862 1752  526 1115 1753  244 1115 1753  520 1235 1759  526 1235 1754  269 1115 1755  526 1115 1755  725 1668 1756  508 1668 1756  467 842 1757  508 842 1757  228 1107 1758  513 1107 1758  1235 1754 1759  191 1754 1759  258 718 1760  718 1760 1761  78 698 1761  520 698 1761  607 1416 1762  405 1416 1762  539 1745 1763  1279 1745 1763  767 1388 1764  372 1388 1764  1172 1173 1765  22 1173 1765  682 1415 1766  401 1415 1766  334 984 1767  674 984 1767  477 1600 1769  174 1600 1768  1600 1768 1769  511 1768 1769  540 1282 1770  417 1282 1770  1304 1770 1771  118 1304 1771  1096 1483 1772  285 1483 1772  505 1454 1773  250 1454 1773  939 1538 1774  253 1538 1774  776 1727 1775  516 776 1775  45 60 1776  1608 1857 1861  26 1777 1778  1777 1778 1779  25 1778 1779  746 1602 1779  25 746 1779  662 1357 1780  389 1357 1780  139 1032 1781  389 1032 1781  596 977 1782  433 977 1782  176 765 1783  176 995 1783  501 884 1784  58 1784 1830  81 556 1785  81 1054 1785  367 1204 1786  531 1204 1786  588 1272 1787  393 1272 1787  689 1390 1788  402 1390 1788  201 1565 1789  201 1286 1789  406 1420 1790  546 1420 1790  273 610 1791  137 610 1791  710 1112 1792  17 710 1792  1793 1862 1863  71 1793 1794  9 71 1794  21 62 1796  62 1795 1796  1797 1864 1865  63 1797 1798  18 63 1798  12 64 1800  64 1799 1800  265 633 1801  583 633 1801  812 1801 1802  583 1801 1802  1472 1803 1829  511 1294 1803  210 1002 1804  210 1162 1804  842 1223 1805  116 1223 1805  124 1619 1806  124 667 1806  620 1314 1807  136 1314 1807  548 749 1808  260 749 1808  798 1611 1809  259 1611 1809  1617 1711 1810  554 1617 1810  578 1444 1811  111 1444 1811  750 1811 1812  300 750 1812  517 1727 1813  608 1727 1813  535 1209 1814  106 1209 1814  635 1244 1815  100 635 1815  383 820 1816  257 820 1816  593 1076 1817  222 1076 1817  141 818 1818  818 1818 1819  300 1819 1832  593 1819 1832  26 996 1820  996 1482 1820  514 815 1821  270 815 1821  612 1590 1822  171 1590 1822  261 850 1823  519 850 1823  519 1346 1824  232 1346 1824  509 985 1825  245 985 1825  435 1317 1826  435 1012 1826  284 1384 1827  599 1384 1827  129 815 1828  514 815 1828  824 1769 1829  511 1769 1829  884 1784 1830  538 884 1830  87 1163 1831  985 1163 1831  750 1076 1832  593 1076 1832  551 1171 1833  186 1171 1833  1836 1837 1874  4 1834 1835  10 74 1837  10 1836 1837  3 1838 1839  69 1840 1841  19 69 1840  1839 1868 1869  68 1844 1845  3 1842 1843  20 68 1845  1844 1845 1870  70 1848 1849  4 1846 1847  11 70 1849  1848 1849 1866  47 1850 1851  60 1850 1851  661 1776 1851  60 1776 1851  774 1608 1852  1608 1852 1853  50 61 1858  59 67 1854  59 72 1854  30 73 1855  67 1855 1856  67 1854 1856  661 1608 1857  661 1851 1857  48 1860 1861  48 1858 1859  50 1852 1859  1852 1853 1859  1851 1857 1860  47 1851 1860  48 1859 1861  1853 1859 1861  1793 1794 1862  10 1862 1863  10 74 1863  1797 1798 1864  19 1864 1865  19 69 1865  1846 1847 1867  1847 1866 1867  1848 1866 1867  1838 1839 1868  1841 1868 1869  1840 1841 1869  1842 1843 1870  1842 1870 1871  1844 1870 1871  20 68 1873  20 1872 1873  1795 1872 1873  1834 1835 1874  1835 1874 1875  1836 1874 1875  11 70 1877  11 1876 1877  1799 1876 1877  </DataArray>
<DataArray  type="UInt32"  Name="offsets"  format="ascii">3 6 9 12 15 18 21 24 27 30 33 36 39 42 45 48 51 54 57 60 63 66 69 72 75 78 81 84 87 90 93 96 99 102 105 108 111 114 117 120 123 126 129 132 135 138 141 144 147 150 153 156 159 162 165 168 171 174 177 180 183 186 189 192 195 198 201 204 207 210 213 216 219 222 225 228 231 234 237 240 243 246 249 252 255 258 261 264 267 270 273 276 279 282 285 288 291 294 297 300 303 306 309 312 315 318 321 324 327 330 333 336 339 342 345 348 351 354 357 360 363 366 369 372 375 378 381 384 387 390 393 396 399 402 405 408 411 414 417 420 423 426 429 432 435 438 441 444 447 450 453 456 459 462 465 468 471 474 477 480 483 486 489 492 495 498 501 504 507 510 513 516 519 522 525 528 531 534 537 540 543 546 549 552 555 558 561 564 567 570 573 576 579 582 585 588 591 594 597 600 603 606 609 612 615 618 621 624 627 630 633 636 639 642 645 648 651 654 657 660 663 666 669 672 675 678 681 684 687 690 693 696 699 702 705 708 711 714 717 720 723 726 729 732 735 738 741 744 747 750 753 756 759 762 765 768 771 774 777 780 783 786 789 792 795 798 801 804 807 810 813 816 819 822 825 828 831 834 837 840 843 846 849 852 855 858 861 864 867 870 873 876 879 882 885 888 891 894 897 900 903 906 909 912 915 918 921 924 927 930 933 936 939 942 945 948 951 954 957 960 963 966 969 972 975 978 981 984 987 990 993 996 999 1002 1005 1008 1011 1014 1017 1020 1023 1026 1029 1032 1035 1038 1041 1044 1047 1050 1053 1056 1059 1062 1065 1068 1071 1074 1077 1080 1083 1086 1089 1092 1095 1098 1101 1104 1107 1110 1113 1116 1119 1122 1125 1128 1131 1134 1137 1140 1143 1146 1149 1152 1155 1158 1161 1164 1167 1170 1173 1176 1179 1182 1185 1188 1191 1194 1197 1200 1203 1206 1209 1212 1215 1218 1221 1224 1227 1230 1233 1236 1239 1242 1245 1248 1251 1254 1257 1260 1263 1266 1269 1272 1275 1278 1281 1284 1287 1290 1293 1296 1299 1302 1305 1308 1311 1314 1317 1320 1323 1326 1329 1332 1335 1338 1341 1344 1347 1350 1353 1356 1359 1362 1365 1368 1371 1374 1377 1380 1383 1386 1389 1392 1395 1398 1401 1404 1407 1410 1413 1416 1419 1422 1425 1428 1431 1434 1437 1440 1443 1446 1449 1452 1455 1458 1461 1464 1467 1470 1473 1476 1479 1482 1485 1488 1491 1494 1497 1500 1503 1506 1509 1512 1515 1518 1521 1524 1527 1530 1533 1536 1539 1542 1545 1548 1551 1554 1557 1560 1563 1566 1569 1572 1575 1578 1581 1584 1587 1590 1593 1596 1599 1602 1605 1608 1611 1614 1617 1620 1623 1626 1629 1632 1635 1638 1641 1644 1647 1650 1653 1656 1659 1662 1665 1668 1671 1674 1677 1680 1683 1686 1689 1692 1695 1698 1701 1704 1707 1710 1713 1716 1719 1722 1725 1728 1731 1734 1737 1740 1743 1746 1749 1752 1755 1758 1761 1764 1767 1770 1773 1776 1779 1782 1785 1788 1791 1794 1797 1800 1803 1806 1809 1812 1815 1818 1821 1824 1827 1830 1833 1836 1839 1842 1845 1848 1851 1854 1857 1860 1863 1866 1869 1872 1875 1878 1881 1884 1887 1890 1893 1896 1899 1902 1905 1908 1911 1914 1917 1920 1923 1926 1929 1932 1935 1938 1941 1944 1947 1950 1953 1956 1959 1962 1965 1968 1971 1974 1977 1980 1983 1986 1989 1992 1995 1998 2001 2004 2007 2010 2013 2016 2019 2022 2025 2028 2031 2034 2037 2040 2043 2046 2049 2052 2055 2058 2061 2064 2067 2070 2073 2076 2079 2082 2085 2088 2091 2094 2097 2100 2103 2106 2109 2112 2115 2118 2121 2124 2127 2130 2133 2136 2139 2142 2145 2148 2151 2154 2157 2160 2163 2166 2169 2172 2175 2178 2181 2184 2187 2190 2193 2196 2199 2202 2205 2208 2211 2214 2217 2220 2223 2226 2229 2232 2235 2238 2241 2244 2247 2250 2253 2256 2259 2262 2265 2268 2271 2274 2277 2280 2283 2286 2289 2292 2295 2298 2301 2304 2307 2310 2313 2316 2319 2322 2325 2328 2331 2334 2337 2340 2343 2346 2349 2352 2355 2358 2361 2364 2367 2370 2373 2376 2379 2382 2385 2388 2391 2394 2397 2400 2403 2406 2409 2412 2415 2418 2421 2424 2427 2430 2433 2436 2439 2442 2445 2448 2451 2454 2457 2460 2463 2466 2469 2472 2475 2478 2481 2484 2487 2490 2493 2496 2499 2502 2505 2508 2511 2514 2517 2520 2523 2526 2529 2532 2535 2538 2541 2544 2547 2550 2553 2556 2559 2562 2565 2568 2571 2574 2577 2580 2583 2586 2589 2592 2595 2598 2601 2604 2607 2610 2613 2616 2619 2622 2625 2628 2631 2634 2637 2640 2643 2646 2649 2652 2655 2658 2661 2664 2667 2670 2673 2676 2679 2682 2685 2688 2691 2694 2697 2700 2703 2706 2709 2712 2715 2718 2721 2724 2727 2730 2733 2736 2739 2742 2745 2748 2751 2754 2757 2760 2763 2766 2769 2772 2775 2778 2781 2784 2787 2790 2793 2796 2799 2802 2805 2808 2811 2814 2817 2820 2823 2826 2829 2832 2835 2838 2841 2844 2847 2850 2853 2856 2859 2862 2865 2868 2871 2874 2877 2880 2883 2886 2889 2892 2895 2898 2901 2904 2907 2910 2913 2916 2919 2922 2925 2928 2931 2934 2937 2940 2943 2946 2949 2952 2955 2958 2961 2964 2967 2970 2973 2976 2979 2982 2985 2988 2991 2994 2997 3000 3003 3006 3009 3012 3015 3018 3021 3024 3027 3030 3033 3036 3039 3042 3045 3048 3051 3054 3057 3060 3063 3066 3069 3072 3075 3078 3081 3084 3087 3090 3093 3096 3099 3102 3105 3108 3111 3114 3117 3120 3123 3126 3129 3132 3135 3138 3141 3144 3147 3150 3153 3156 3159 3162 3165 3168 3171 3174 3177 3180 3183 3186 3189 3192 3195 3198 3201 3204 3207 3210 3213 3216 3219 3222 3225 3228 3231 3234 3237 3240 3243 3246 3249 3252 3255 3258 3261 3264 3267 3270 3273 3276 3279 3282 3285 3288 3291 3294 3297 3300 3303 3306 3309 3312 3315 3318 3321 3324 3327 3330 3333 3336 3339 3342 3345 3348 3351 3354 3357 3360 3363 3366 3369 3372 3375 3378 3381 3384 3387 3390 3393 3396 3399 3402 3405 3408 3411 3414 3417 3420 3423 3426 3429 3432 3435 3438 3441 3444 3447 3450 3453 3456 3459 3462 3465 3468 3471 3474 3477 3480 3483 3486 3489 3492 3495 3498 3501 3504 3507 3510 3513 3516 3519 3522 3525 3528 3531 3534 3537 3540 3543 3546 3549 3552 3555 3558 3561 3564 3567 3570 3573 3576 3579 3582 3585 3588 3591 3594 3597 3600 3603 3606 3609 3612 3615 3618 3621 3624 3627 3630 3633 3636 3639 3642 3645 3648 3651 3654 3657 3660 3663 3666 3669 3672 3675 3678 3681 3684 3687 3690 3693 3696 3699 3702 3705 3708 3711 3714 3717 3720 3723 3726 3729 3732 3735 3738 3741 3744 3747 3750 3753 3756 3759 3762 3765 3768 3771 3774 3777 3780 3783 3786 3789 3792 3795 3798 3801 3804 3807 3810 3813 3816 3819 3822 3825 3828 3831 3834 3837 3840 3843 3846 3849 3852 3855 3858 3861 3864 3867 3870 3873 3876 3879 3882 3885 3888 3891 3894 3897 3900 3903 3906 3909 3912 3915 3918 3921 3924 3927 3930 3933 3936 3939 3942 3945 3948 3951 3954 3957 3960 3963 3966 3969 3972 3975 3978 3981 3984 3987 3990 3993 3996 3999 4002 4005 4008 4011 4014 4017 4020 4023 4026 4029 4032 4035 4038 4041 4044 4047 4050 4053 4056 4059 4062 4065 4068 4071 4074 4077 4080 4083 4086 4089 4092 4095 4098 4101 4104 4107 4110 4113 4116 4119 4122 4125 4128 4131 4134 4137 4140 4143 4146 4149 4152 4155 4158 4161 4164 4167 4170 4173 4176 4179 4182 4185 4188 4191 4194 4197 4200 4203 4206 4209 4212 4215 4218 4221 4224 4227 4230 4233 4236 4239 4242 4245 4248 4251 4254 4257 4260 4263 4266 4269 4272 4275 4278 4281 4284 4287 4290 4293 4296 4299 4302 4305 4308 4311 4314 4317 4320 4323 4326 4329 4332 4335 4338 4341 4344 4347 4350 4353 4356 4359 4362 4365 4368 4371 4374 4377 4380 4383 4386 4389 4392 4395 4398 4401 4404 4407 4410 4413 4416 4419 4422 4425 4428 4431 4434 4437 4440 4443 4446 4449 4452 4455 4458 4461 4464 4467 4470 4473 4476 4479 4482 4485 4488 4491 4494 4497 4500 4503 4506 4509 4512 4515 4518 4521 4524 4527 4530 4533 4536 4539 4542 4545 4548 4551 4554 4557 4560 4563 4566 4569 4572 4575 4578 4581 4584 4587 4590 4593 4596 4599 4602 4605 4608 4611 4614 4617 4620 4623 4626 4629 4632 4635 4638 4641 4644 4647 4650 4653 4656 4659 4662 4665 4668 4671 4674 4677 4680 4683 4686 4689 4692 4695 4698 4701 4704 4707 4710 4713 4716 4719 4722 4725 4728 4731 4734 4737 4740 4743 4746 4749 4752 4755 4758 4761 4764 4767 4770 4773 4776 4779 4782 4785 4788 4791 4794 4797 4800 4803 4806 4809 4812 4815 4818 4821 4824 4827 4830 4833 4836 4839 4842 4845 4848 4851 4854 4857 4860 4863 4866 4869 4872 4875 4878 4881 4884 4887 4890 4893 4896 4899 4902 4905 4908 4911 4914 4917 4920 4923 4926 4929 4932 4935 4938 4941 4944 4947 4950 4953 4956 4959 4962 4965 4968 4971 4974 4977 4980 4983 4986 4989 4992 4995 4998 5001 5004 5007 5010 5013 5016 5019 5022 5025 5028 5031 5034 5037 5040 5043 5046 5049 5052 5055 5058 5061 5064 5067 5070 5073 5076 5079 5082 5085 5088 5091 5094 5097 5100 5103 5106 5109 5112 5115 5118 5121 5124 5127 5130 5133 5136 5139 5142 5145 5148 5151 5154 5157 5160 5163 5166 5169 5172 5175 5178 5181 5184 5187 5190 5193 5196 5199 5202 5205 5208 5211 5214 5217 5220 5223 5226 5229 5232 5235 5238 5241 5244 5247 5250 5253 5256 5259 5262 5265 5268 5271 5274 5277 5280 5283 5286 5289 5292 5295 5298 5301 5304 5307 5310 5313 5316 5319 5322 5325 5328 5331 5334 5337 5340 5343 5346 5349 5352 5355 5358 5361 5364 5367 5370 5373 5376 5379 5382 5385 5388 5391 5394 5397 5400 5403 5406 5409 5412 5415 5418 5421 5424 5427 5430 5433 5436 5439 5442 5445 5448 5451 5454 5457 5460 5463 5466 5469 5472 5475 5478 5481 5484 5487 5490 5493 5496 5499 5502 5505 5508 5511 5514 5517 5520 5523 5526 5529 5532 5535 5538 5541 5544 5547 5550 5553 5556 5559 5562 5565 5568 5571 5574 5577 5580 5583 5586 5589 5592 5595 5598 5601 5604 5607 5610 5613 5616 5619 5622 5625 5628 5631 5634 5637 5640 5643 5646 5649 5652 5655 5658 5661 5664 5667 5670 5673 5676 5679 5682 5685 5688 5691 5694 5697 5700 5703 5706 5709 5712 5715 5718 5721 5724 5727 5730 5733 5736 5739 5742 5745 5748 5751 5754 5757 5760 5763 5766 5769 5772 5775 5778 5781 5784 5787 5790 5793 5796 5799 5802 5805 5808 5811 5814 5817 5820 5823 5826 5829 5832 5835 5838 5841 5844 5847 5850 5853 5856 5859 5862 5865 5868 5871 5874 5877 5880 5883 5886 5889 5892 5895 5898 5901 5904 5907 5910 5913 5916 5919 5922 5925 5928 5931 5934 5937 5940 5943 5946 5949 5952 5955 5958 5961 5964 5967 5970 5973 5976 5979 5982 5985 5988 5991 5994 5997 6000 6003 6006 6009 6012 6015 6018 6021 6024 6027 6030 6033 6036 6039 6042 6045 6048 6051 6054 6057 6060 6063 6066 6069 6072 6075 6078 6081 6084 6087 6090 6093 6096 6099 6102 6105 6108 6111 6114 6117 6120 6123 6126 6129 6132 6135 6138 6141 6144 6147 6150 6153 6156 6159 6162 6165 6168 6171 6174 6177 6180 6183 6186 6189 6192 6195 6198 6201 6204 6207 6210 6213 6216 6219 6222 6225 6228 6231 6234 6237 6240 6243 6246 6249 6252 6255 6258 6261 6264 6267 6270 6273 6276 6279 6282 6285 6288 6291 6294 6297 6300 6303 6306 6309 6312 6315 6318 6321 6324 6327 6330 6333 6336 6339 6342 6345 6348 6351 6354 6357 6360 6363 6366 6369 6372 6375 6378 6381 6384 6387 6390 6393 6396 6399 6402 6405 6408 6411 6414 6417 6420 6423 6426 6429 6432 6435 6438 6441 6444 6447 6450 6453 6456 6459 6462 6465 6468 6471 6474 6477 6480 6483 6486 6489 6492 6495 6498 6501 6504 6507 6510 6513 6516 6519 6522 6525 6528 6531 6534 6537 6540 6543 6546 6549 6552 6555 6558 6561 6564 6567 6570 6573 6576 6579 6582 6585 6588 6591 6594 6597 6600 6603 6606 6609 6612 6615 6618 6621 6624 6627 6630 6633 6636 6639 6642 6645 6648 6651 6654 6657 6660 6663 6666 6669 6672 6675 6678 6681 6684 6687 6690 6693 6696 6699 6702 6705 6708 6711 6714 6717 6720 6723 6726 6729 6732 6735 6738 6741 6744 6747 6750 6753 6756 6759 6762 6765 6768 6771 6774 6777 6780 6783 6786 6789 6792 6795 6798 6801 6804 6807 6810 6813 6816 6819 6822 6825 6828 6831 6834 6837 6840 6843 6846 6849 6852 6855 6858 6861 6864 6867 6870 6873 6876 6879 6882 6885 6888 6891 6894 6897 6900 6903 6906 6909 6912 6915 6918 6921 6924 6927 6930 6933 6936 6939 6942 6945 6948 6951 6954 6957 6960 6963 6966 6969 6972 6975 6978 6981 6984 6987 6990 6993 6996 6999 7002 7005 7008 7011 7014 7017 7020 7023 7026 7029 7032 7035 7038 7041 7044 7047 7050 7053 7056 7059 7062 7065 7068 7071 7074 7077 7080 7083 7086 7089 7092 7095 7098 7101 7104 7107 7110 7113 7116 7119 7122 7125 7128 7131 7134 7137 7140 7143 7146 7149 7152 7155 7158 7161 7164 7167 7170 7173 7176 7179 7182 7185 7188 7191 7194 7197 7200 7203 7206 7209 7212 7215 7218 7221 7224 7227 7230 7233 7236 7239 7242 7245 7248 7251 7254 7257 7260 7263 7266 7269 7272 7275 7278 7281 7284 7287 7290 7293 7296 7299 7302 7305 7308 7311 7314 7317 7320 7323 7326 7329 7332 7335 7338 7341 7344 7347 7350 7353 7356 7359 7362 7365 7368 7371 7374 7377 7380 7383 7386 7389 7392 7395 7398 7401 7404 7407 7410 7413 7416 7419 7422 7425 7428 7431 7434 7437 7440 7443 7446 7449 7452 7455 7458 7461 7464 7467 7470 7473 7476 7479 7482 7485 7488 7491 7494 7497 7500 7503 7506 7509 7512 7515 7518 7521 7524 7527 7530 7533 7536 7539 7542 7545 7548 7551 7554 7557 7560 7563 7566 7569 7572 7575 7578 7581 7584 7587 7590 7593 7596 7599 7602 7605 7608 7611 7614 7617 7620 7623 7626 7629 7632 7635 7638 7641 7644 7647 7650 7653 7656 7659 7662 7665 7668 7671 7674 7677 7680 7683 7686 7689 7692 7695 7698 7701 7704 7707 7710 7713 7716 7719 7722 7725 7728 7731 7734 7737 7740 7743 7746 7749 7752 7755 7758 7761 7764 7767 7770 7773 7776 7779 7782 7785 7788 7791 7794 7797 7800 7803 7806 7809 7812 7815 7818 7821 7824 7827 7830 7833 7836 7839 7842 7845 7848 7851 7854 7857 7860 7863 7866 7869 7872 7875 7878 7881 7884 7887 7890 7893 7896 7899 7902 7905 7908 7911 7914 7917 7920 7923 7926 7929 7932 7935 7938 7941 7944 7947 7950 7953 7956 7959 7962 7965 7968 7971 7974 7977 7980 7983 7986 7989 7992 7995 7998 8001 8004 8007 8010 8013 8016 8019 8022 8025 8028 8031 8034 8037 8040 8043 8046 8049 8052 8055 8058 8061 8064 8067 8070 8073 8076 8079 8082 8085 8088 8091 8094 8097 8100 8103 8106 8109 8112 8115 8118 8121 8124 8127 8130 8133 8136 8139 8142 8145 8148 8151 8154 8157 8160 8163 8166 8169 8172 8175 8178 8181 8184 8187 8190 8193 8196 8199 8202 8205 8208 8211 8214 8217 8220 8223 8226 8229 8232 8235 8238 8241 8244 8247 8250 8253 8256 8259 8262 8265 8268 8271 8274 8277 8280 8283 8286 8289 8292 8295 8298 8301 8304 8307 8310 8313 8316 8319 8322 8325 8328 8331 8334 8337 8340 8343 8346 8349 8352 8355 8358 8361 8364 8367 8370 8373 8376 8379 8382 8385 8388 8391 8394 8397 8400 8403 8406 8409 8412 8415 8418 8421 8424 8427 8430 8433 8436 8439 8442 8445 8448 8451 8454 8457 8460 8463 8466 8469 8472 8475 8478 8481 8484 8487 8490 8493 8496 8499 8502 8505 8508 8511 8514 8517 8520 8523 8526 8529 8532 8535 8538 8541 8544 8547 8550 8553 8556 8559 8562 8565 8568 8571 8574 8577 8580 8583 8586 8589 8592 8595 8598 8601 8604 8607 8610 8613 8616 8619 8622 8625 8628 8631 8634 8637 8640 8643 8646 8649 8652 8655 8658 8661 8664 8667 8670 8673 8676 8679 8682 8685 8688 8691 8694 8697 8700 8703 8706 8709 8712 8715 8718 8721 8724 8727 8730 8733 8736 8739 8742 8745 8748 8751 8754 8757 8760 8763 8766 8769 8772 8775 8778 8781 8784 8787 8790 8793 8796 8799 8802 8805 8808 8811 8814 8817 8820 8823 8826 8829 8832 8835 8838 8841 8844 8847 8850 8853 8856 8859 8862 8865 8868 8871 8874 8877 8880 8883 8886 8889 8892 8895 8898 8901 8904 8907 8910 8913 8916 8919 8922 8925 8928 8931 8934 8937 8940 8943 8946 8949 8952 8955 8958 8961 8964 8967 8970 8973 8976 8979 8982 8985 8988 8991 8994 8997 9000 9003 9006 9009 9012 9015 9018 9021 9024 9027 9030 9033 9036 9039 9042 9045 9048 9051 9054 9057 9060 9063 9066 9069 9072 9075 9078 9081 9084 9087 9090 9093 9096 9099 9102 9105 9108 9111 9114 9117 9120 9123 9126 9129 9132 9135 9138 9141 9144 9147 9150 9153 9156 9159 9162 9165 9168 9171 9174 9177 9180 9183 9186 9189 9192 9195 9198 9201 9204 9207 9210 9213 9216 9219 9222 9225 9228 9231 9234 9237 9240 9243 9246 9249 9252 9255 9258 9261 9264 9267 9270 9273 9276 9279 9282 9285 9288 9291 9294 9297 9300 9303 9306 9309 9312 9315 9318 9321 9324 9327 9330 9333 9336 9339 9342 9345 9348 9351 9354 9357 9360 9363 9366 9369 9372 9375 9378 9381 9384 9387 9390 9393 9396 9399 9402 9405 9408 9411 9414 9417 9420 9423 9426 9429 9432 9435 9438 9441 9444 9447 9450 9453 9456 9459 9462 9465 9468 9471 9474 9477 9480 9483 9486 9489 9492 9495 9498 9501 9504 9507 9510 9513 9516 9519 9522 9525 9528 9531 9534 9537 9540 9543 9546 9549 9552 9555 9558 9561 9564 9567 9570 9573 9576 9579 9582 9585 9588 9591 9594 9597 9600 9603 9606 9609 9612 9615 9618 9621 9624 9627 9630 9633 9636 9639 9642 9645 9648 9651 9654 9657 9660 9663 9666 9669 9672 9675 9678 9681 9684 9687 9690 9693 9696 9699 9702 9705 9708 9711 9714 9717 9720 9723 9726 9729 9732 9735 9738 9741 9744 9747 9750 9753 9756 9759 9762 9765 9768 9771 9774 9777 9780 9783 9786 9789 9792 9795 9798 9801 9804 9807 9810 9813 9816 9819 9822 9825 9828 9831 9834 9837 9840 9843 9846 9849 9852 9855 9858 9861 9864 9867 9870 9873 9876 9879 9882 9885 9888 9891 9894 9897 9900 9903 9906 9909 9912 9915 9918 9921 9924 9927 9930 9933 9936 9939 9942 9945 9948 9951 9954 9957 9960 9963 9966 9969 9972 9975 9978 9981 9984 9987 9990 9993 9996 9999 10002 10005 10008 10011 10014 10017 10020 10023 10026 10029 10032 10035 10038 10041 10044 10047 10050 10053 10056 10059 10062 10065 10068 10071 10074 10077 10080 10083 10086 10089 10092 10095 10098 10101 10104 10107 10110 10113 10116 10119 10122 10125 10128 10131 10134 10137 10140 10143 10146 10149 10152 10155 10158 10161 10164 10167 10170 10173 10176 10179 10182 10185 10188 10191 10194 10197 10200 10203 10206 10209 10212 10215 10218 10221 10224 10227 10230 10233 10236 10239 10242 10245 10248 10251 10254 10257 10260 10263 10266 10269 10272 10275 10278 10281 10284 10287 10290 10293 10296 10299 10302 10305 10308 10311 10314 10317 10320 10323 10326 10329 10332 10335 10338 10341 10344 10347 10350 10353 10356 10359 10362 </DataArray>
<DataArray  type="UInt8"  Name="types"  format="ascii">5 5 5 5 5 5 5 5 5 5 5 5 5 5 5 5 5 5 5 5 5 5 5 5 5 5 5 5 5 5 5 5 5 5 5 5 5 5 5 5 5 5 5 5 5 5 5 5 5 5 5 5 5 5 5 5 5 5 5 5 5 5 5 5 5 5 5 5 5 5 5 5 5 5 5 5 5 5 5 5 5 5 5 5 5 5 5 5 5 5 5 5 5 5 5 5 5 5 5 5 5 5 5 5 5 5 5 5 5 5 5 5 5 5 5 5 5 5 5 5 5 5 5 5 5 5 5 5 5 5 5 5 5 5 5 5 5 5 5 5 5 5 5 5 5 5 5 5 5 5 5 5 5 5 5 5 5 5 5 5 5 5 5 5 5 5 5 5 5 5 5 5 5 5 5 5 5 5 5 5 5 5 5 5 5 5 5 5 5 5 5 5 5 5 5 5 5 5 5 5 5 5 5 5 5 5 5 5 5 5 5 5 5 5 5 5 5 5 5 5 5 5 5 5 5 5 5 5 5 5 5 5 5 5 5 5 5 5 5 5 5 5 5 5 5 5 5 5 5 5 5 5 5 5 5 5 5 5 5 5 5 5 5 5 5 5 5 5 5 5 5 5 5 5 5 5 5 5 5 5 5 5 5 5 5 5 5 5 5 5 5 5 5 5 5 5 5 5 5 5 5 5 5 5 5 5 5 5 5 5 5 5 5 5 5 5 5 5 5 5 5 5 5 5 5 5 5 5 5 5 5 5 5 5 5 5 5 5 5 5 5 5 5 5 5 5 5 5 5 5 5 5 5 5 5 5 5 5 5 5 5 5 5 5 5 5 5 5 5 5 5 5 5 5 5 5 5 5 5 5 5 5 5 5 5 5 5 5 5 5 5 5 5 5 5 5 5 5 5 5 5 5 5 5 5 5 5 5 5 5 5 5 5 5 5 5 5 5 5 5 5 5 5 5 5 5 5 5 5 5 5 5 5 5 5 5 5 5 5 5 5 5 5 5 5 5 5 5 5 5 5 5 5 5 5 5 5 5 5 5 5 5 5 5 5 5 5 5 5 5 5 5 5 5 5 5 5 5 5 5 5 5 5 5 5 5 5 5 5 5 5 5 5 5 5 5 5 5 5 5 5 5 5 5 5 5 5 5 5 5 5 5 5 5 5 5 5 5 5 5 5 5 5 5 5 5 5 5 5 5 5 5 5 5 5 5 5 5 5 5 5 5 5 5 5 5 5 5 5 5 5 5 5 5 5 5 5 5 5 5 5 5 5 5 5 5 5 5 5 5 5 5 5 5 5 5 5 5 5 5 5 5 5 5 5 5 5 5 5 5 5 5 5 5 5 5 5 5 5 5 5 5 5 5 5 5 5 5 5 5 5 5 5 5 5 5 5 5 5 5 5 5 5 5 5 5 5 5 5 5 5 5 5 5 5 5 5 5 5 5 5 5 5 5 5 5 5 5 5 5 5 5 5 5 5 5 5 5 5 5 5 5 5 5 5 5 5 5 5 5 5 5 5 5 5 5 5 5 5 5 5 5 5 5 5 5 5 5 5 5 5 5 5 5 5 5 5 5 5 5 5 5 5 5 5 5 5 5 5 5 5 5 5 5 5 5 5 5 5 5 5 5 5 5 5 5 5 5 5 5 5 5 5 5 5 5 5 5 5 5 5 5 5 5 5 5 5 5 5 5 5 5 5 5 5 5 5 5 5 5 5 5 5 5 5 5 5 5 5 5 5 5 5 5 5 5 5 5 5 5 5 5 5 5 5 5 5 5 5 5 5 5 5 5 5 5 5 5 5 5 5 5 5 5 5 5 5 5 5 5 5 5 5 5 5 5 5 5 5 5 5 5 5 5 5 5 5 5 5 5 5 5 5 5 5 5 5 5 5 5 5 5 5 5 5 5 5 5 5 5 5 5 5 5 5 5 5 5 5 5 5 5 5 5 5 5 5 5 5 5 5 5 5 5 5 5 5 5 5 5 5 5 5 5 5 5 5 5 5 5 5 5 5 5 5 5 5 5 5 5 5 5 5 5 5 5 5 5 5 5 5 5 5 5 5 5 5 5 5 5 5 5 5 5 5 5 5 5 5 5 5 5 5 5 5 5 5 5 5 5 5 5 5 5 5 5 5 5 5 5 5 5 5 5 5 5 5 5 5 5 5 5 5 5 5 5 5 5 5 5 5 5 5 5 5 5 5 5 5 5 5 5 5 5 5 5 5 5 5 5 5 5 5 5 5 5 5 5 5 5 5 5 5 5 5 5 5 5 5 5 5 5 5 5 5 5 5 5 5 5 5 5 5 5 5 5 5 5 5 5 5 5 5 5 5 5 5 5 5 5 5 5 5 5 5 5 5 5 5 5 5 5 5 5 5 5 5 5 5 5 5 5 5 5 5 5 5 5 5 5 5 5 5 5 5 5 5 5 5 5 5 5 5 5 5 5 5 5 5 5 5 5 5 5 5 5 5 5 5 5 5 5 5 5 5 5 5 5 5 5 5 5 5 5 5 5 5 5 5 5 5 5 5 5 5 5 5 5 5 5 5 5 5 5 5 5 5 5 5 5 5 5 5 5 5 5 5 5 5 5 5 5 5 5 5 5 5 5 5 5 5 5 5 5 5 5 5 5 5 5 5 5 5 5 5 5 5 5 5 5 5 5 5 5 5 5 5 5 5 5 5 5 5 5 5 5 5 5 5 5 5 5 5 5 5 5 5 5 5 5 5 5 5 5 5 5 5 5 5 5 5 5 5 5 5 5 5 5 5 5 5 5 5 5 5 5 5 5 5 5 5 5 5 5 5 5 5 5 5 5 5 5 5 5 5 5 5 5 5 5 5 5 5 5 5 5 5 5 5 5 5 5 5 5 5 5 5 5 5 5 5 5 5 5 5 5 5 5 5 5 5 5 5 5 5 5 5 5 5 5 5 5 5 5 5 5 5 5 5 5 5 5 5 5 5 5 5 5 5 5 5 5 5 5 5 5 5 5 5 5 5 5 5 5 5 5 5 5 5 5 5 5 5 5 5 5 5 5 5 5 5 5 5 5 5 5 5 5 5 5 5 5 5 5 5 5 5 5 5 5 5 5 5 5 5 5 5 5 5 5 5 5 5 5 5 5 5 5 5 5 5 5 5 5 5 5 5 5 5 5 5 5 5 5 5 5 5 5 5 5 5 5 5 5 5 5 5 5 5 5 5 5 5 5 5 5 5 5 5 5 5 5 5 5 5 5 5 5 5 5 5 5 5 5 5 5 5 5 5 5 5 5 5 5 5 5 5 5 5 5 5 5 5 5 5 5 5 5 5 5 5 5 5 5 5 5 5 5 5 5 5 5 5 5 5 5 5 5 5 5 5 5 5 5 5 5 5 5 5 5 5 5 5 5 5 5 5 5 5 5 5 5 5 5 5 5 5 5 5 5 5 5 5 5 5 5 5 5 5 5 5 5 5 5 5 5 5 5 5 5 5 5 5 5 5 5 5 5 5 5 5 5 5 5 5 5 5 5 5 5 5 5 5 5 5 5 5 5 5 5 5 5 5 5 5 5 5 5 5 5 5 5 5 5 5 5 5 5 5 5 5 5 5 5 5 5 5 5 5 5 5 5 5 5 5 5 5 5 5 5 5 5 5 5 5 5 5 5 5 5 5 5 5 5 5 5 5 5 5 5 5 5 5 5 5 5 5 5 5 5 5 5 5 5 5 5 5 5 5 5 5 5 5 5 5 5 5 5 5 5 5 5 5 5 5 5 5 5 5 5 5 5 5 5 5 5 5 5 5 5 5 5 5 5 5 5 5 5 5 5 5 5 5 5 5 5 5 5 5 5 5 5 5 5 5 5 5 5 5 5 5 5 5 5 5 5 5 5 5 5 5 5 5 5 5 5 5 5 5 5 5 5 5 5 5 5 5 5 5 5 5 5 5 5 5 5 5 5 5 5 5 5 5 5 5 5 5 5 5 5 5 5 5 5 5 5 5 5 5 5 5 5 5 5 5 5 5 5 5 5 5 5 5 5 5 5 5 5 5 5 5 5 5 5 5 5 5 5 5 5 5 5 5 5 5 5 5 5 5 5 5 5 5 5 5 5 5 5 5 5 5 5 5 5 5 5 5 5 5 5 5 5 5 5 5 5 5 5 5 5 5 5 5 5 5 5 5 5 5 5 5 5 5 5 5 5 5 5 5 5 5 5 5 5 5 5 5 5 5 5 5 5 5 5 5 5 5 5 5 5 5 5 5 5 5 5 5 5 5 5 5 5 5 5 5 5 5 5 5 5 5 5 5 5 5 5 5 5 5 5 5 5 5 5 5 5 5 5 5 5 5 5 5 5 5 5 5 5 5 5 5 5 5 5 5 5 5 5 5 5 5 5 5 5 5 5 5 5 5 5 5 5 5 5 5 5 5 5 5 5 5 5 5 5 5 5 5 5 5 5 5 5 5 5 5 5 5 5 5 5 5 5 5 5 5 5 5 5 5 5 5 5 5 5 5 5 5 5 5 5 5 5 5 5 5 5 5 5 5 5 5 5 5 5 5 5 5 5 5 5 5 5 5 5 5 5 5 5 5 5 5 5 5 5 5 5 5 5 5 5 5 5 5 5 5 5 5 5 5 5 5 5 5 5 5 5 5 5 5 5 5 5 5 5 5 5 5 5 5 5 5 5 5 5 5 5 5 5 5 5 5 5 5 5 5 5 5 5 5 5 5 5 5 5 5 5 5 5 5 5 5 5 5 5 5 5 5 5 5 5 5 5 5 5 5 5 5 5 5 5 5 5 5 5 5 5 5 5 5 5 5 5 5 5 5 5 5 5 5 5 5 5 5 5 5 5 5 5 5 5 5 5 5 5 5 5 5 5 5 5 5 5 5 5 5 5 5 5 5 5 5 5 5 5 5 5 5 5 5 5 5 5 5 5 5 5 5 5 5 5 5 5 5 5 5 5 5 5 5 5 5 5 5 5 5 5 5 5 5 5 5 5 5 5 5 5 5 5 5 5 5 5 5 5 5 5 5 5 5 5 5 5 5 5 5 5 5 5 5 5 5 5 5 5 5 5 5 5 5 5 5 5 5 5 5 5 5 5 5 5 5 5 5 5 5 5 5 5 5 5 5 5 5 5 5 5 5 5 5 5 5 5 5 5 5 5 5 5 5 5 5 5 5 5 5 5 5 5 5 5 5 5 5 5 5 5 5 5 5 5 5 5 5 5 5 5 5 5 5 5 5 5 5 5 5 5 5 5 5 5 5 5 5 5 5 5 5 5 5 5 5 5 5 5 5 5 5 5 5 5 5 5 5 5 5 5 5 5 5 5 5 5 5 5 5 5 5 5 5 5 5 5 5 5 5 5 5 5 5 5 5 5 5 5 5 5 5 5 5 5 5 5 5 5 5 5 5 5 5 5 5 5 5 5 5 5 5 5 5 5 5 5 5 5 5 5 5 5 5 5 5 5 5 5 5 5 5 5 5 5 5 5 5 5 5 5 5 5 5 5 5 5 5 5 5 5 5 5 5 5 5 5 5 5 5 5 5 5 5 5 5 5 5 5 5 5 5 5 5 5 5 5 5 5 5 5 5 5 5 5 5 5 5 5 5 5 5 5 5 5 5 5 5 5 5 5 5 5 5 5 5 5 5 5 5 5 5 5 5 5 5 5 5 5 5 5 5 5 5 5 5 5 5 5 5 5 5 5 5 5 5 5 5 5 5 5 5 5 5 5 5 5 5 5 5 5 5 5 5 5 5 5 5 5 5 5 5 5 5 5 5 5 5 5 5 5 5 5 5 5 5 5 5 5 5 5 5 5 5 5 5 5 5 5 5 5 5 5 5 5 5 5 5 5 5 5 5 5 5 5 5 5 5 5 5 5 5 5 5 5 5 5 5 5 5 5 5 5 5 5 5 5 5 5 5 5 5 5 5 5 5 5 5 5 5 5 5 5 5 5 5 5 5 5 5 5 5 5 5 5 5 5 5 5 5 5 5 5 5 5 5 5 5 5 5 5 5 5 5 5 5 5 5 5 5 5 5 5 5 5 5 5 5 5 5 5 5 5 5 5 5 5 5 5 5 5 5 5 5 5 5 5 5 5 5 5 5 5 5 5 5 5 5 5 5 5 5 5 5 5 5 5 5 5 5 5 5 5 5 5 5 5 5 5 5 5 5 5 5 5 5 5 5 5 5 5 5 5 5 5 5 5 5 5 5 5 5 5 5 5 5 5 5 5 5 5 5 5 5 5 5 5 5 5 5 5 5 5 5 5 5 5 5 5 5 5 5 5 5 5 5 5 5 5 5 5 5 5 5 5 5 5 5 5 5 5 5 5 5 5 5 5 5 5 5 5 5 5 5 5 5 5 5 5 5 5 5 5 5 5 5 5 5 5 5 5 5 5 5 5 5 5 5 5 5 5 5 5 5 5 5 5 5 5 5 5 5 5 5 5 5 5 5 5 5 5 5 5 5 5 5 5 5 5 5 5 5 5 5 5 5 5 5 5 5 5 5 5 5 5 5 5 5 5 5 5 5 5 5 5 5 5 5 5 5 5 5 5 5 5 5 5 5 5 5 5 5 5 5 5 5 5 5 5 5 5 5 5 5 5 5 5 5 5 5 5 5 5 5 5 5 5 5 5 5 5 5 5 5 5 5 5 5 5 5 5 5 5 5 5 5 5 5 5 5 5 5 5 5 5 5 5 5 5 5 5 5 5 5 5 5 5 5 5 5 5 5 5 5 5 5 5 5 5 5 5 5 5 5 5 5 5 5 5 5 5 5 5 5 5 5 5 5 5 5 5 5 5 5 5 5 5 5 5 5 5 5 5 5 5 5 5 5 5 5 5 5 5 5 5 5 5 5 5 5 5 5 5 5 5 5 5 5 5 5 5 5 5 5 5 5 5 5 5 5 5 5 5 5 5 5 5 5 5 5 5 5 5 5 5 5 5 5 5 5 5 5 5 5 5 5 5 5 5 5 5 5 5 5 5 5 5 5 5 5 5 5 5 5 5 5 5 5 5 5 5 5 5 5 5 5 5 5 5 5 5 5 5 5 5 5 5 5 5 5 5 5 5 5 5 5 5 5 5 5 5 5 5 5 5 5 5 5 5 5 5 5 5 5 5 5 5 5 5 5 5 5 5 5 5 5 5 5 5 5 5 5 5 5 5 5 5 5 5 5 5 5 5 5 5 5 5 5 5 5 5 5 5 5 5 5 5 5 5 5 5 5 5 5 5 5 5 5 5 5 5 5 5 5 5 5 5 5 5 5 5 5 5 5 5 5 5 5 5 5 5 5 5 5 5 5 5 5 5 5 5 5 5 5 5 5 5 5 5 5 5 5 5 5 5 5 5 5 5 5 5 5 5 5 5 5 5 5 5 5 5 5 5 5 5 5 5 5 5 5 5 5 5 5 5 5 5 5 5 5 5 5 5 5 5 5 5 5 5 5 5 5 5 5 5 5 5 5 5 5 5 5 5 5 5 5 5 5 5 5 5 5 5 5 5 5 5 5 5 5 5 5 5 5 5 5 5 5 5 5 5 5 5 5 5 5 5 5 5 5 5 5 5 5 5 5 5 5 5 5 5 5 5 5 5 5 5 5 5 5 5 5 5 5 5 5 5 5 5 5 5 5 5 5 5 5 5 5 5 5 5 5 5 5 5 5 5 5 5 5 5 5 5 5 5 5 5 5 5 5 5 5 5 5 5 5 5 5 5 5 5 5 5 5 5 5 5 5 5 5 5 5 5 5 5 5 5 5 5 5 5 5 5 5 5 5 5 5 5 </DataArray>
</Cells>
<PointData  Scalars="f_50-1"> 
<DataArray  type="Float64"  Name="f_50-1"  format="ascii">0.0000000000000000e+00  9.6341998902693831e+02  1.1224176891091363e+03  -3.0146350704158678e+01  -2.3534213249500164e+02  0.0000000000000000e+00  -4.2447090833517905e+02  1.5082812806955130e+03  6.4305279269608654e+03  6.9193142712649005e+03  6.1391111893059160e+03  1.5258631207739268e+02  1.4708246921642132e+02  1.4704532574102464e+02  1.4712156517156555e+02  1.4713536246037816e+02  1.4715473158243944e+02  1.4721005340552168e+02  1.4713781774880920e+02  1.4224772726791335e+02  1.0984210241840722e+03  1.2039726859053069e+03  1.2063839111789232e+03  1.1577042679881547e+03  1.0450799133605583e+03  9.8879366500751348e+02  1.0087246880005516e+03  1.0281770866548754e+03  1.0321071692927412e+03  1.0316784482074195e+03  1.0317355307758762e+03  1.0317427053114427e+03  1.0317556315695292e+03  1.0324914085861931e+03  1.0377584240350416e+03  7.4568706234388821e+02  4.4261383336991366e+02  6.4576298907163255e+02  7.5237443340281175e+02  8.1231886653448191e+02  8.2094569994043070e+02  8.4406224157282850e+02  9.4046395798699871e+02  1.0344420783458545e+03  9.2401163381695108e+02  8.6991213502950507e+02  8.7150790060133022e+02  8.7219930671362351e+02  8.7065329203380179e+02  8.7015091286910297e+02  8.7134849795271577e+02  8.7019873990073484e+02  8.7072715549161228e+02  8.5920934584247300e+02  8.7798424666472090e+02  1.6328785178949289e+02  1.1946534455559251e+03  1.4714065810462665e+02  -2.8760836453768115e+03  1.0317407440516158e+03  8.7080747310124991e+02  8.7126607171575859e+02  1.1978691590208568e+03  1.4671953762437087e+02  1.4753243689435172e+02  5.3781527136737295e+03  1.0317710122933265e+03  1.0317302503748433e+03  1.0607305670218884e+03  1.3794574189687694e+02  1.5567605494095363e+02  6.8521577384806178e+03  1.0317183791554619e+03  1.0317358817388904e+03  6.0040769474887666e+03  -2.0960531860435999e+03  0.0000000000000000e+00  8.6328556381123701e+02  -7.6906574106903799e+03  1.0262768913769553e+03  -6.5182637171949500e+03  -3.0189082628626297e+03  9.5685621706387064e+02  -8.8048774668376973e+03  -1.0359742727227906e+03  -1.3309035047950249e+02  6.7207605847109244e+02  8.4020320649057055e+02  1.0555462931471175e+03  -1.4432967109859328e+03  9.4261809618699942e+02  -9.1336238206122343e+03  6.0827125227634178e+02  -2.2772527589393508e+03  -5.2353222404583112e+03  0.0000000000000000e+00  1.0891028611214131e+03  9.7957288890746918e+02  0.0000000000000000e+00  -7.0435041646076229e+02  1.1440274635814146e+03  -2.9385414799273235e+03  9.1147410710430756e+02  9.1756578309089809e+02  1.0064722497625911e+03  -7.3286121667184580e+03  -4.1404223112127493e+03  -2.7256441197253293e+03  -1.5313451704396743e+03  -7.9402297571704030e+03  -4.6008472411105140e+03  1.1297079080049443e+03  9.5851954227672286e+02  9.6312224046887718e+02  -1.1327843929314345e+03  -9.3724323364838961e+02  7.7400035434673202e+02  -1.0529327401324901e+04  7.1988533480074761e+02  -5.8067731709713371e+03  -8.1781566013304264e+03  -4.7410251370001324e+03  -5.3435279101677270e+02  1.0062520978357414e+03  8.2541025034040945e+02  1.8752834233974781e+02  -9.4567670948336968e+02  -5.6780214491653369e+03  1.1131653306209878e+03  -2.0188177875175600e+03  -1.8865980967385024e+03  7.8775334385455653e+02  -8.9643599818030398e+03  0.0000000000000000e+00  -3.4901574709286689e+02  8.6459823717648135e+02  8.1678749519793791e+02  9.0737823298915134e+02  9.9475238876690560e+02  9.6747210305166993e+02  1.0428230070736859e+03  1.0912841682141798e+03  -1.7115838373768881e+03  4.8289188694577166e+02  1.1259625765401724e+03  1.0772208633241389e+03  9.1248756914807825e+02  -6.9558569986818395e+02  -1.9908573924202942e+03  8.0809565762804050e+02  9.8587356139258975e+02  -2.1551171538484168e+03  -6.7331889689302861e+03  1.1221409103379233e+03  -1.6859158501414213e+03  0.0000000000000000e+00  -4.2054959633988419e+03  -7.5736772423781813e+03  -3.1035142855531067e+03  1.0577266485923087e+03  0.0000000000000000e+00  0.0000000000000000e+00  9.9949812583165965e+02  -4.6884205384467523e+03  8.0219065667900918e+02  5.7599485588298603e+02  -1.5811490990129555e+03  -1.0111334425674992e+04  -3.7770259991224557e+03  -1.7341878714690188e+03  5.0217700509560991e+03  9.7929092197823809e+02  -2.7374667080939412e+02  9.4734610811243226e+02  9.3964075167607268e+02  -7.0229235484916198e+03  -2.2062358196633509e+03  -8.2641472446501230e+03  3.6189428683634094e+02  -3.8615931876339519e+03  -5.1609907880516776e+03  2.7043766303244820e+02  1.3182148534099240e+03  9.6337503451693942e+02  7.4558256960866981e+02  1.1693249532021371e+03  1.1715387526877298e+03  4.9043874198493842e+02  -1.1265719159451323e+03  -5.8415415491735148e+03  -5.6070395355044620e+03  -7.6487537482520584e+03  -8.3754875519690668e+03  -5.3592304102665580e+01  9.7366902984126307e+02  -2.9555592396390366e+03  -2.7445908659233137e+03  8.1037841823062934e+02  1.0107736073779884e+03  -7.9444474299693002e+02  -1.7781348474910669e+03  9.2767936052489722e+02  7.8372476771154118e+02  8.8988332975155129e+02  -6.6565042742840924e+03  -6.6380568304766311e+03  -2.0972190842670379e+03  -1.4161405698852707e+03  -5.1599795653797457e+02  1.0291587818263911e+03  9.5356298194155454e+02  8.7003384914120670e+02  9.5466084133364973e+02  -1.8218273900549834e+03  8.3091106224392843e+02  -3.4232664477253056e+03  1.1275591953615576e+03  -5.6429590642854600e+03  7.8439474773008351e+02  8.7237811863412139e+02  -8.9011589748119900e+02  1.1439670012406207e+03  1.0917079482111576e+03  9.9986572612696000e+02  7.2506192814033568e+02  1.1312308201849205e+03  -5.4894830859704041e+02  -4.0940188016566058e+03  -1.0025451499517672e+04  -8.8542903091122407e+03  1.0682882578516360e+03  -9.5977036229151463e+02  9.3131115485240832e+02  1.1041975263957811e+03  -1.5008182277711662e+03  -8.0961669541952951e+03  1.0319499920307007e+03  9.6529667210045068e+02  1.0417550103719448e+03  8.4090074105563974e+02  -3.7865122866971461e+02  -1.8178567330036553e+03  -1.4691151412235658e+03  -1.0258341705934055e+04  -9.5155148894532867e+03  8.0949131420783385e+02  6.5882076727566255e+02  -1.0126666804518746e+02  9.7282348552326107e+02  5.5465414381090704e+02  6.6841994263066033e+02  1.3217447660154482e+02  4.3343251146565314e+02  6.9589215227436034e+02  9.8185564774164231e+02  2.3029951445715656e+03  -3.5581034621930335e+03  -3.9087508227326671e+03  -6.0319392736944674e+03  -1.5523126261190985e+03  -9.6407079967857317e+02  8.9891512276188553e+02  6.5501942864950274e+02  4.0901209615378989e+03  -3.0230399245354010e+03  1.0675699349925396e+03  -4.9278763101194800e+03  -5.2676399809601071e+03  -7.5591343948740068e+03  -9.4110645943006348e+03  -2.3583194879144394e+03  -1.7620075862984954e+03  -6.3066515647043861e+03  8.7478004120652611e+02  -1.4408319441668109e+03  9.6216334366403794e+02  -2.0118195767004345e+03  -7.4014331538830047e+03  -3.1096140874373941e+03  7.3737622237457970e+02  9.1784493333068542e+02  1.1198694886993549e+03  -1.9379799109484347e+03  0.0000000000000000e+00  -6.0127920545923553e+02  5.8986650139637186e+02  -9.8541606165578887e+03  1.0248892750008642e+03  -6.5365856687601536e+03  -1.0774160475888236e+03  -7.7215765236555135e+03  -3.7748433579655775e+03  -2.3759750729351313e+03  9.6461642642198763e+02  8.4205904410229084e+02  -1.0082554548483307e+04  -7.2206442706099933e+03  1.0013297747570325e+03  1.0066423789129270e+03  -3.4367699339170686e+03  1.1153785831036651e+03  1.0873331641678196e+03  -9.3289244573811011e+03  1.1220807153991775e+03  -9.1672369396851736e+03  -9.8225455066944119e+02  -5.0736556890639349e+03  9.2957310691789962e+02  9.2256164763373101e+02  -3.2907275239770763e+02  0.0000000000000000e+00  1.0849843693439034e+03  -3.0976308419849966e+03  -1.3940775934197300e+03  1.0736533454100527e+03  -5.7616904368010773e+03  -3.7070549054337089e+03  -7.0834484562105195e+02  7.6708960659386162e+02  9.2206917861745899e+02  -2.3497740662775568e+03  1.0416722040469656e+03  1.0286700378541743e+03  1.0243336613029214e+03  9.6442053899668326e+02  9.5258002204219292e+02  9.7377368886076908e+02  9.8863322399187859e+02  9.9800586743176314e+02  -9.2911775846872624e+03  -1.9585437727002241e+03  -2.1333503551610447e+03  -8.2045720209518950e+03  -1.7373404741731138e+03  8.8323570573753682e+02  1.2430850372922680e+03  -7.6916383756434470e+03  -2.0432714915413803e+03  -1.8064095594046944e+03  1.1033108595706337e+03  1.0705125926519031e+03  1.1105776970735310e+03  -6.7773246521748320e+02  7.8999475737227613e+02  8.9058597324401558e+02  -6.7191198741951069e+01  7.3622964794426548e+02  3.4381589734448210e+02  -2.1076846846644057e+03  9.5211628586187203e+02  8.2949876815951518e+02  -7.4170262488795288e+03  -5.0195874966229940e+03  -6.4457254233201520e+03  9.9684685111588249e+02  9.3488305693293830e+02  9.7257777225082543e+02  9.6904878627617700e+02  1.8053210105847177e+02  1.1350905276110520e+03  1.4713958330285760e+02  1.9897014749587771e+02  1.1866546837599033e+03  9.8304008000311603e+02  1.0494553412464295e+03  4.3640931163843902e+02  -9.2947608675501251e+03  -5.3140316047076531e+03  -7.3747111591254370e+03  7.9472037114066154e+02  8.6349130800677256e+02  -3.3855161837391017e+02  -3.3797398625005289e+03  -8.0748192593594786e+03  2.4520515260298541e+02  4.8633535927086348e+02  5.4472417005186844e+02  8.6546241376317823e+02  -1.5304954013044505e+03  9.5987376119142209e+02  -2.4603317446540195e+03  -6.4380378373344479e+02  -2.0981684612930812e+03  -1.8180117272843195e+03  8.1180520734644824e+02  1.0477970612913289e+03  -6.4229948382973444e+03  -3.6143402650463431e+03  -6.2499011657237425e+03  9.6492942274710094e+02  1.9189507602154049e+03  -1.0503553794024665e+04  -2.2767789951737061e+02  -3.1991848075675230e+03  -4.8577534651989090e+03  9.5738539560466040e+02  -2.0184226581550415e+03  -3.4281267768236771e+03  -8.0493074075983668e+03  -1.7087936455258521e+03  -1.1303036666159567e+03  1.1026827342684601e+03  1.0738531260192874e+03  0.0000000000000000e+00  0.0000000000000000e+00  0.0000000000000000e+00  1.0121477172543222e+03  0.0000000000000000e+00  0.0000000000000000e+00  0.0000000000000000e+00  7.8056275111495790e+02  8.9740998975988214e+02  8.5582127747929451e+02  9.6136124243080508e+02  1.1092397908197722e+03  -2.2695142301037617e+03  8.1293209320376434e+02  7.6865678743205717e+02  8.3292598891229045e+02  -1.2348656367365984e+03  -1.5032034173988302e+03  -2.6231261538100421e+03  -1.5120192757913799e+02  7.7274967027583978e+02  1.0450446412000142e+03  -2.0535115612196169e+03  -2.5877622357689556e+03  -1.2724254275102576e+03  7.5467326895945996e+02  8.3274357845801921e+02  -3.7650204208379232e+03  9.3176958926712382e+02  9.5507483670109241e+02  6.5600745583419939e+03  1.2014872076373917e+03  -1.0794829710653264e+03  9.0907292552288334e+02  6.6204205915608350e+02  -5.1869481864180425e+03  8.3980260755699737e+02  -5.8171111326217692e+02  4.2256170678756513e+02  -4.3519596923783711e+03  -2.5942882675293645e+03  -5.1309205291645012e+03  -7.9240368371953400e+02  -1.2476348297860291e+03  -1.1800871036245687e+03  9.9200750118120527e+02  -5.6775058718385417e+01  -1.1043751001828084e+03  6.9803216644777171e+02  -2.5068339443266977e+03  -4.1561587170708553e+03  9.3177271095157278e+02  -5.0539685016099738e+03  5.8253069923685939e+02  9.6651850529277931e+02  9.6670527902707408e+02  -6.8857129848905588e+03  -7.5277621974349804e+03  -3.5482894596288776e+02  8.6842290560643687e+02  2.9917159505509886e+02  1.0449866556781992e+03  9.5660726763625225e+03  -8.5869012621402562e+03  8.0011672772157658e+02  9.8025094305376410e+02  9.7092957390079891e+02  9.8623839925159427e+02  -9.9615894092867384e+03  -6.4841111518785856e+03  -7.1917645006232260e+03  -6.3084812004233017e+03  -3.1723108203424158e+03  -4.9253024707971599e+03  9.3240051237918203e+02  1.1140599597589644e+03  -2.3809507083165266e+02  -2.5836605561159113e+03  7.0129880773295429e+02  -1.6521415326636765e+02  4.2316775489140497e+00  -2.0859329755370891e+03  -2.1502159790969645e+03  -2.4149113291680110e+03  1.4709845536344207e+02  -1.1898362127326998e+03  3.4948035402355035e+03  9.8040233094439316e+02  9.3045309976266117e+02  -1.1525542203884586e+03  9.3713468804315562e+02  1.1512522366740700e+03  1.1613962236447610e+03  1.1485824117624811e+03  8.9608471936890919e+02  -7.0494981779150739e+03  1.0173643911092239e+03  -7.3493354490646789e+02  -3.0251999707863451e+03  -4.1932422614066618e+03  -6.8462552684866987e+03  1.0297030039433480e+03  6.3537340269663787e+02  1.4716794147052246e+02  -9.1588635698768085e+03  7.8999973783050666e+02  8.1235406960550927e+02  7.4681660909648986e+02  9.4471085513624132e+02  -4.1528648935094736e+02  -1.0082496706272732e+04  -2.3548859327202181e+03  -2.5704022650674069e+03  5.8119848277513393e+02  3.5304207295736330e+02  6.1924572477698916e+02  9.1780737520377318e+02  -7.4848262085056858e+03  -6.2617986696803782e+03  -7.9114058515569086e+03  9.0672917758656968e+02  -3.6783183551889415e+03  -7.7329910486380754e+02  -8.8504755369181548e+03  2.0689475287752595e+02  -1.9971203035309695e+03  -2.9890043411875827e+03  9.4714858293162820e+02  -3.8800169742095395e+03  1.6864608546732568e+03  -2.4336222724768768e+03  -7.6541140185367722e+03  -5.5217492331117219e+03  1.1237818897405512e+03  -7.3443338903140625e+02  -8.7058412810736399e+02  -2.8315615564568611e+02  7.4482194979940277e+02  8.9725409100188745e+02  -3.2632485720857717e+03  -5.3458155645218130e+03  -7.9359780679480718e+03  1.0096095647726481e+03  1.0192492852112219e+03  9.5881200396407155e+02  -1.2622862189740108e+03  7.7316718165133136e+02  1.1832116936677182e+03  1.1892641330085971e+03  -6.2353394553647631e+03  9.1479111835140964e+02  8.5248318705290842e+00  -3.0945276979164141e+03  -2.8664806183161118e+03  9.4399911347366810e+02  5.6349085076128904e+02  1.7970156958045729e+02  -3.6886680347727583e+03  -4.6867300818648812e+02  9.7000092467348657e+02  -6.3663264735601197e+03  -7.1237002403051074e+03  1.2008839942841078e+03  -1.7177718784460903e+03  -1.4406734576612434e+03  9.7538182166793638e+02  1.0121649111817881e+03  -1.4728694200273285e+03  -2.6225805679675182e+03  -2.6886184405610538e+03  9.7888383748377566e+02  -8.1876300532526029e+03  9.5628056828365345e+02  7.4859824217723246e+02  -9.7422128724632057e+03  1.1317971324863952e+03  9.6443332016989700e+02  8.4637124882833427e+02  7.8939464547434727e+02  -1.7706705827622943e+03  1.0736356048022953e+03  1.0564238440746999e+03  3.6351449152868868e+03  -6.5305766098871718e+03  1.1559140373617067e+03  -3.8555527375950210e+03  5.0015968861992889e+02  -5.1006770607559935e+02  -3.1578021341230569e+03  1.0057786103614219e+03  1.0999999218458408e+03  9.8507942454105216e+02  -1.4636480149324343e+03  6.1384016969657923e+03  -7.9225403512108892e+02  -2.3643582573507592e+03  -4.5822754899546510e+02  1.1558919762016048e+03  9.4804223795806001e+02  8.7808324311428942e+02  -6.6987732757050726e+03  6.0825135429138243e+02  -1.6148557022473431e+03  -9.4849224901459875e+03  -1.0408802394586442e+03  3.3999274614916607e+02  -1.3060935001200387e+03  8.9596787750299927e+02  -1.0497343452188526e+04  9.7480162797997616e+02  8.6548643240766864e+02  1.1013853080139770e+03  4.7438412868958018e+01  1.0379083305042350e+03  1.0174205250530563e+03  8.8663804680028136e+02  1.1100501859270350e+03  8.1092480914178498e+02  9.7408934580725440e+02  -3.7705239909285237e+03  8.7977854069300190e+02  -2.3161262289715105e+03  -2.8815096228107141e+03  1.0619114828890238e+03  1.0804151802585284e+03  2.9832596847729155e+02  8.1021473872600097e+02  8.4991488262641610e+02  9.4629147403906154e+02  -8.5916133818925584e+02  1.0824943821059555e+03  1.1319475235775565e+03  1.1463264942579840e+03  2.6233598475195004e+03  1.1347918916314688e+03  -7.3472639626992577e+03  -4.2540348373314964e+03  -6.2810536406497185e+03  -1.8254787810674088e+03  -1.1372778459182325e+03  9.9574560558022722e+02  -9.7129078186269580e+03  7.0382379730045852e+02  6.7254584103673096e+02  7.5399514882290680e+02  7.6189639838338405e+02  -9.0024148720936082e+03  -1.0053519518284495e+04  -3.7436852326764296e+02  -8.3747549622581409e+03  -9.0841159754243599e+03  -7.9122173379403303e+03  -2.0148814276868006e+03  1.0970734600293390e+03  -1.9045288981912479e+03  9.0658090587189781e+02  9.6831054402421887e+02  9.4952375430068355e+02  8.7187147262702649e+02  9.6314261742248004e+02  9.8870487285600666e+02  9.6241935033712321e+02  -7.6822435735811951e+03  5.3358720045576194e+02  7.5568030795660422e+02  -8.8982282620825536e+03  -6.3187072409201674e+03  -4.6630015997480029e+02  5.4879459277297492e+03  1.1655911102158509e+03  1.0350648806181132e+03  8.8512540731469358e+02  -9.6143567347992775e+03  3.2907338952541450e+03  1.0193234220195851e+03  1.0198692303497936e+03  4.9519721056759138e+00  -6.8077611592328117e+02  1.1778895633902127e+03  1.0964795913626990e+03  1.0603823426033223e+03  -1.8266249213617476e+02  1.1290562889248381e+03  -8.7895512366928288e+03  8.8203470404725363e+02  -5.3065224868708924e+02  1.0759433222234002e+03  -1.8506675170275948e+03  1.2031324348139876e+03  1.0917255225201320e+03  1.0526330854809703e+03  5.7591366615786899e+02  1.0595336721593194e+03  -1.7530136660354281e+03  1.1056364672767188e+03  -8.5040263902137340e+03  -5.2459822593567969e+03  -8.4511498900080824e+03  9.5564846352983795e+02  -4.9591940297766268e+03  8.2623432907960137e+02  1.0144137382320012e+03  8.4572119400489942e+02  8.9121696662943293e+02  8.8107723678535740e+02  -2.6522208891141654e+03  1.4715449940957691e+02  1.4712374895575874e+02  -4.7076811137030882e+03  7.8980120002337912e+02  4.3770929336044196e+02  1.0196680544133594e+03  -4.7216228111364044e+03  1.1129337121252033e+03  7.7679344143790524e+02  -6.6699505954033239e+03  -2.8114461332051105e+03  1.9531520241308803e+02  -6.3195080729428219e+03  1.0337352759802873e+03  9.9359453365356671e+02  1.6241272035824025e+02  7.9327504768087692e+02  -4.0950031736856072e+03  8.4702424152518779e+02  -9.6685687015772492e+03  -1.0540389685692578e+04  -1.0156402108473462e+03  -9.1599252097161127e+02  8.4293041650330747e+02  1.1179464298714449e+03  -4.1442719963526531e+02  -1.0559717290851970e+03  -9.4332671021416591e+03  1.0101726416778001e+03  -1.8294264976121199e+03  -7.9733306552364843e+02  8.1761057121429201e+02  8.8873299543853420e+02  -1.0238364939897507e+04  -2.2227696460276943e+03  -6.9349257414508770e+02  -1.8774039372920279e+02  1.0348652256713053e+03  7.8169500288692666e+02  -1.2170072403802437e+03  -1.0971888273624782e+03  1.1172476039421849e+03  6.9191830333518180e+02  1.4716016833114219e+02  1.4712067647774396e+02  7.0469981092422233e+02  1.7190205593572429e+02  -7.1031807266135356e+03  -2.3573854825237272e+03  -4.8407227788743730e+03  9.4018710688312513e+02  -1.4680762954798314e+02  9.3293067138959282e+02  9.9969798573368780e+02  1.8428277434668030e+02  4.0355237669640775e+02  -2.1692874259586783e+03  9.9347688552131501e+02  -3.7918489784279036e+03  -4.5837381886833164e+03  -9.2788513831917078e+02  -1.9926758494524040e+03  -2.4718117744400315e+03  -4.9386895196707665e+03  -4.9669459028933206e+03  8.7052441712387531e+02  -1.7240869590183974e+02  4.7698136304683601e+02  -4.0212911864820512e+03  -6.1990073722817078e+02  -4.4278795453523944e+03  6.2281626209851015e+02  7.5010951024818860e+02  -2.7329598477410968e+01  -6.6930063788596553e+03  -6.1938268234224406e+03  -6.9993140940156463e+03  -6.0563298200425279e+03  -4.8821734488347820e+03  -5.7272964205021353e+03  9.1962936045673803e+02  -1.4697931368296897e+03  -1.6570179655876577e+03  -2.5130827338363366e+02  -9.5385572957354171e+01  -7.6920633719422449e+03  1.0191771846780549e+03  9.8938252472781278e+02  -1.8928862432010740e+03  -1.2284283297107315e+03  -3.8521168722398638e+03  -1.2484909308248652e+03  -2.3466698666105981e+03  -4.5611061541183080e+03  4.2071164641173982e+03  -7.1404683948016191e+03  7.4128027801381290e+02  1.0054833620931443e+03  -1.0477914754830654e+04  -6.0713309337393412e+03  -5.1016563654996162e+03  -5.1281704296326216e+03  7.5627128807916745e+02  1.0600897210724759e+03  1.0699030089639896e+03  6.2494750216075147e+02  -2.1877561133078325e+03  1.0526527811345586e+03  1.1190303360023715e+03  1.1038757728948087e+03  6.1924898515945836e+02  -2.4615918596702090e+03  7.8648271808376535e+02  1.0307149556163822e+03  1.0127402421862104e+03  9.3923232510563912e+02  4.3408400774678535e+02  9.8172681857868690e+02  -1.9453821309499381e+03  -1.1701245842913463e+03  8.0091662148835269e+02  1.0356691680782917e+03  -8.6538208282464984e+03  1.0220886917742483e+03  9.8004218159007735e+02  -7.6144394972118153e+03  -4.1831125882489405e+03  -8.0901611347468079e+03  1.0389407199719067e+03  9.5647556444591805e+02  9.6259201553562912e+02  8.5857054184068306e+02  -8.6427674270058887e+03  7.8220092553637858e+02  -2.0237995410146341e+03  5.2393586356160949e+03  1.1083119556757601e+03  -1.2559549192057075e+03  -2.2686606794972245e+03  -2.8288395440169365e+03  -1.4872125008375112e+03  9.0728938434103850e+02  -1.7986466648302862e+03  2.2769172586592695e+03  -7.8776795938457835e+03  -7.8935878359895332e+03  1.1194673188892468e+03  -2.6736582376607771e+03  -2.9855996095401570e+03  -3.2357161002571606e+03  -2.9883686478018917e+03  9.0485005461535957e+02  -8.4538212654857284e+02  -6.9254450185423877e+02  -9.7582596104902893e+02  9.2150240813820631e+02  9.2850469130971055e+02  9.5553372374108221e+02  -1.4090007343896200e+03  -6.5752921239992447e+03  9.9855972379674961e+02  -1.5609141066674829e+03  9.6818542642200509e+02  -2.1266075545891786e+03  9.8075329129682200e+02  1.1273703017188891e+03  -5.1689404171734968e+03  -8.7390704134523912e+03  1.1220248023710387e+03  9.2627385011825606e+02  7.6347602221315390e+02  6.7990341285451507e+02  7.0982600344425919e+02  -2.7447492905647932e+03  8.8223893246037596e+02  -1.5732291745591920e+03  9.3095964056241439e+02  9.1673128083923211e+02  9.1848588087676671e+02  -6.4044304512280905e+03  -7.3406353525029090e+03  -4.2404735737090641e+03  -1.1064043552249536e+03  -5.5975535693315032e+02  -8.2199746491511269e+03  -7.3726806312164572e+03  -4.1247256123429434e+03  8.7622488754055860e+02  1.1298341927356807e+03  -1.3093337530242827e+03  -6.7602646056991562e+03  -7.2377213798637995e+03  -5.5152191074692009e+03  8.4945776582270116e+02  1.0286146809222366e+03  -7.4225496487808960e+03  -1.0129420069696947e+04  -1.0218905145953209e+04  8.9419556120616585e+02  7.0523277599054063e+02  -4.0185827350058767e+03  -8.5929507775418861e+03  1.0251441290716771e+03  -7.1065325898242818e+03  -5.6969846279873718e+03  -7.8910739388445691e+03  -8.0894585808843422e+03  9.9617872796405868e+02  9.6297013750683675e+02  2.2400173131768488e+03  -6.0409537266016787e+03  8.9877766015713848e+02  -2.1427271863344304e+03  1.1251843862585361e+03  -2.5119280731148224e+03  -2.2923032859441869e+03  -2.3489878175108370e+03  -4.3839446667245638e+03  -3.5221621704154522e+03  -2.5395088880089756e+03  -3.0746398393431132e+03  -3.6767493387869426e+03  1.0686808057189046e+03  9.2179417097180180e+02  9.2197454093818067e+02  1.0315146070644760e+03  -1.9751831709168291e+03  -1.9126014956711717e+03  -9.4503746420888492e+03  9.3997416844436123e+02  6.4419861706067411e+02  1.0073704685278183e+03  9.3243107258352495e+02  -2.6166262901969221e+03  -3.9501495939198583e+02  -8.7771146143692313e+03  -3.4133123206674446e+02  9.5877651824045086e+02  1.0878713552851791e+03  -1.0306678059239698e+02  -3.6117661393057887e+02  -1.0259555849251472e+04  -9.5811645303398036e+03  -4.7714243542479380e+03  5.7416174851565438e+02  -5.8054181503877526e+03  8.2527659393263639e+02  8.3468998393172797e+02  1.1076029229671587e+03  8.8217293494272099e+02  -3.1495003985978642e+03  7.8978975121171561e+02  -1.7919789288462300e+03  1.0317183095837481e+03  -1.6453199954143272e+03  8.4915005291803652e+02  5.5135772300729559e+02  2.6831407613808705e+02  1.0963235929917569e+03  6.5239028429966356e+02  -9.3717089227610977e+03  -8.9221271766554455e+03  -1.9583879740530144e+03  -8.3045301161200478e+03  -2.0603344712984976e+03  -5.0675685470152297e+02  -2.5789788260656674e+03  -4.0807386131794196e+03  6.7923310793199171e+03  1.2033559424672339e+03  9.3795031307255647e+02  -5.7090999997770007e+02  -9.7941993448259254e+03  -1.1949318897643279e+03  -7.7647690222991810e+02  9.3599100788609348e+02  8.2411703376036780e+02  9.8372353121710535e+02  8.4441192767584357e+02  -7.3876161599542766e+03  -5.4474764004235358e+03  -7.3748893245976897e+03  -3.6083539560422969e+02  -5.8374741456466572e+03  8.1958092225816927e+02  7.8035635133269000e+02  -2.3097025538506173e+03  1.0189833036250172e+03  9.4730481180390348e+02  9.9083468360062557e+02  1.0046403185223163e+03  -1.6589157860583750e+03  -7.5807271601727589e+03  9.5244066692290664e+02  9.4660693152099532e+02  9.5729677025794092e+02  1.0136107115721561e+03  9.9992387356678239e+02  1.2292891780625910e+03  -3.1201748505768091e+03  9.9621267102113961e+02  -8.9436787302396249e+02  -5.5942328358613204e+03  -8.2544960824964949e+02  1.0341813571598443e+03  7.5032888078322605e+02  9.8740231571461698e+02  1.4716453521042405e+02  8.7019635500421805e+02  -4.4375256126618751e+01  -4.6048361936590510e+02  9.6825262574985368e+02  9.6954440715117266e+02  1.0545321112197259e+03  -1.0138502729066839e+03  1.1669129114571360e+03  -1.0607908212522223e+04  8.2076941376361151e+02  -6.6441036766037096e+03  8.1476323003002733e+02  3.4375472287179070e+02  -5.6738854561941644e+03  9.6977265524597874e+02  9.6741086473347650e+02  -4.7875763150692756e+03  -4.1542044716903738e+03  9.6312517124204044e+02  -7.1796903559447310e+03  -2.1099176307235330e+03  -2.1319774891826360e+03  1.4711643730099556e+02  -9.2078822248218330e+01  5.0061960860814306e+03  -3.4471492056037473e+03  9.0220626204416851e+02  -1.6520432392037746e+03  1.0033845834933182e+03  8.1264976584258204e+02  1.0478268169041824e+03  6.4058797815479170e+02  -9.6474536311814973e+02  6.4560156202252222e+02  -9.1453631486966169e+03  9.8388597167351179e+02  9.8004589725347546e+02  -2.5332326881125873e+03  -1.9478518501270180e+03  -2.5313371664345204e+03  -1.5730971611944585e+03  -1.8670836794148231e+03  1.0152196188595034e+03  9.6544920069164800e+02  1.0808654763095051e+03  5.6745504573157518e+02  -2.1381232168764723e+03  9.0586093125899856e+02  -4.3757077796544836e+03  9.6366558898048652e+02  9.8685550315086641e+02  8.2708431373894342e+01  -1.3729786638526323e+03  -9.4392922170080092e+03  -8.6181664815716449e+03  1.0436277037645818e+03  -6.1853597201607354e+03  9.8591675670818472e+02  9.7819093883946061e+02  1.1039004387369546e+03  -2.2951281197166954e+03  8.4573104786080251e+02  -5.3797020972407599e+03  -5.9137601741268663e+03  4.3135983115406236e+02  -7.4300888856356296e+03  -3.8894741850694782e+03  9.8427385099904598e+02  7.3137916944981100e+02  9.5359579735651960e+02  1.1068174161747090e+03  8.5734390775054874e+02  -2.1729496907394660e+03  -5.8346440968742681e+03  2.0171525200247672e+02  1.0768503202226302e+03  -1.4054363546938378e+03  -2.4580865293324163e+02  0.0000000000000000e+00  5.9410107352840112e+02  7.8768960169026184e+02  8.0032689605039172e+02  -5.6779205696115741e+03  -6.0153468845605164e+02  -2.1497073404862213e+03  0.0000000000000000e+00  7.2259203604165896e+02  1.0791595582232726e+03  -3.4498435331815836e+02  9.4268094728899621e+02  -9.8512556837956181e+03  7.7814081022873393e+02  -3.1151631133789019e+03  1.0946328070767138e+03  1.1203664893850064e+03  1.4705181624889326e+02  -2.9225927781622222e+03  -5.6675311316400275e+03  -9.5058317534065936e+03  -9.7748125416881103e+03  -1.7276946836802626e+03  -1.0298275464012562e+04  9.6660487962015065e+02  9.7014824612751420e+02  9.6546356654056262e+02  9.6316721968593708e+02  9.7080730080850344e+02  -3.0298812504400271e+03  -1.6042115373118572e+03  -7.3400167829163047e+02  8.3003045257517340e+02  4.8927486661929481e+02  5.3943138236816833e+02  1.0260999070986645e+03  -4.2077216655276625e+03  -7.4544699248039278e+03  -7.8753848979799941e+03  -1.9181471766310526e+03  -1.0895567823297686e+03  -6.2145637245771550e+03  -2.0423190602176921e+03  -1.5995927083197294e+03  -8.8025139776424862e+02  -2.0362091826774875e+02  -1.8793957542032208e+03  -8.5680721770330535e+02  8.4723226835193748e+02  5.2624248176446208e+01  8.7780016959665829e+02  9.4774510371131328e+02  -5.1033733621955207e+02  7.6330047325363785e+02  6.3309365085218394e+02  9.3658103795740851e+02  -2.1159502881669086e+03  -2.0572569519868039e+03  7.0591466564271593e+02  4.1737775927079838e+02  9.6069574325558756e+02  8.0976157845718660e+02  -1.5854013040257234e+02  2.5711570249397550e+02  1.0031583972632457e+03  1.1987095708662409e+03  -7.2776988813182415e+03  9.5738192986750687e+02  8.5096084433078545e+02  -7.1789111081406818e+03  -8.1376419347161664e+03  -7.5565853668486843e+03  1.1125603875046747e+03  -2.2087952522003334e+03  7.7151455803309079e+02  8.0912756738289931e+02  1.1797578735215416e+03  1.1778394694937335e+03  1.1968248882770536e+03  -4.1392775154495739e+03  1.0425415320514667e+03  1.0496531056369697e+03  -7.6181882424871028e+03  0.0000000000000000e+00  4.5610183318291297e+02  2.9146866793234420e+02  -2.1539314854562194e+03  -2.6788714547460891e+03  8.2354662964529587e+02  -6.3185274440698486e+03  1.1397228038984999e+03  1.1403210695431978e+03  -6.9233809767339460e+02  3.4286721589605513e+01  -9.6485070228483219e+03  -2.8750695210085428e+03  -8.5794207156753582e+03  1.0819355161860815e+03  -1.7137394291733168e+02  1.1270651020371818e+03  -2.2292451123398700e+03  -2.3285232197101350e+03  9.4876973973734334e+02  -9.2190662671441987e+02  -6.3438863802767828e+03  9.4195846044499899e+02  -9.8667371999854658e+03  -2.6628254662756708e+03  1.0540986642844068e+03  -4.5210335602967416e+03  8.6610693402585900e+02  8.0165823556526709e+02  3.3376143185239806e+02  -6.0585359315147698e+03  -4.9031896369235183e+03  -5.6746719459036103e+03  -5.4540856217199043e+03  1.0816236987728114e+03  -8.5362523042916055e+03  1.0541309545829120e+03  -9.4929343956957405e+02  -2.6145066396675502e+03  -6.9755313963003198e+02  9.3307460366696421e+02  -5.0757617416014482e+03  7.3842057181404584e+02  7.7016860984125287e+02  9.6075779657096621e+02  7.8875576834102708e+02  -3.2426571669771356e+03  -6.8441320462942722e+03  -8.2381293911033754e+02  -4.5996572764114046e+02  5.2971398126029078e+02  4.6642360448596196e+02  -1.9432309731140776e+03  7.5274553603901381e+02  -3.3214696643732714e+03  7.7669582106928033e+02  -6.6940247550070978e+02  -8.1990161375532334e+03  -2.6873140187470972e+02  8.6523665369076230e+02  8.7767000514537358e+02  8.4815291308628196e+02  -2.9105395157911016e+03  -8.6992161781718969e+03  -8.5292090331872623e+03  -7.4745465724483456e+03  1.1556882997811067e+03  -1.1045407302812464e+03  -1.0349875748808614e+04  5.6495043654068161e+02  -2.4343699309234926e+03  1.0003122518118124e+03  9.6423249625194569e+02  1.0850350910044585e+03  6.2437709085770975e+03  9.2164797603052932e+02  -6.6923452045268896e+03  -5.3354819411833314e+03  1.0658364575039002e+03  -1.2536528017626604e+03  8.8746416345764703e+02  9.9964001237485115e+02  -1.3000216267373844e+03  -1.8550070670618068e+03  9.6357971319080673e+02  -1.6018636504774452e+03  9.4749041359591308e+02  1.0768920782977939e+03  -2.5346937893885752e+03  1.1968876283504578e+03  8.1376806475909177e+02  9.2682677012505746e+02  8.0160400265341548e+02  -2.4509658943075751e+03  -4.1744379746336963e+03  4.0250456752231969e+02  -2.1957684152682498e+02  9.6028766308195793e+02  9.5545552373907196e+02  1.0341328146279116e+03  1.4713426841409120e+02  -1.0435899064219554e+02  -3.4806079607928217e+02  -2.1158185109649330e+02  7.8050394596775232e+02  -2.2751495576712068e+03  8.4463975089115820e+02  -3.2060813075469878e+03  9.0121156353022468e+02  7.0341362442339187e+02  7.0413500329117903e+02  -3.0328813251299757e+03  -3.5100857925371088e+03  1.0358763208832095e+03  -8.1782387716153596e+02  3.9405949724323517e+02  9.4931562053629193e+02  -3.2725442226001455e+03  -2.3773999567863966e+03  -2.2114784453669981e+03  -3.6916330408883850e+03  9.5732783997269030e+02  1.1865278930923528e+03  1.0383377844324039e+03  1.0575493634882496e+03  1.0438893202229926e+03  7.4573968724656675e+02  -9.9127449583574380e+03  8.8204435914992393e+02  -2.0004558090912014e+03  1.0049918383899150e+03  1.0259960412715795e+03  8.2406632727987051e+02  -1.3470438233470013e+03  1.0611879168334754e+03  8.6497831422165837e+02  7.9287993580475927e+02  -1.2969199604481314e+03  -1.3364666019948579e+03  -9.2060175354323883e+02  0.0000000000000000e+00  -1.6933840440658171e+03  -8.3148395087627966e+02  1.5258574024288697e+02  8.8635987769953408e+02  7.0184199724579867e+02  -8.6102915045118298e+03  -8.8515640164666161e+02  8.5397779688009962e+02  -4.7197999653742991e+03  -5.9734075951700142e+03  -4.0877703523677183e+03  1.1342802222073942e+03  1.4715423473771224e+02  -1.8239381546575346e+03  9.4127506260558289e+02  -3.9939632697791294e+03  -3.1527934234806862e+03  -2.6677077944742587e+03  -5.2131554833093669e+03  4.6355043931138016e+03  6.7011794782275274e+02  -8.5446531664452061e+02  -1.9634901853649767e+03  -1.9901632026718673e+03  1.4330717981514897e+02  -1.2386418993960015e+03  8.4040400449067351e+02  9.3120716492553777e+02  9.6884496975345326e+02  -2.4360379739767095e+03  -1.4031571634768866e+03  -5.5292635406044465e+03  -6.6808540291565587e+03  6.8888683201905769e+02  -1.1224109496976994e+03  -4.9917605231109263e+02  -1.4501535270463216e+03  9.6567603317105772e+02  9.6444689865566693e+02  1.0886686140327479e+03  -3.9534225114261244e+02  1.0179810746604575e+03  -6.1561561034561419e+02  9.5310737298809499e+02  9.9248694783131987e+02  -5.7805148841860557e+02  -9.0997983804755199e+02  -1.1006984301887621e+03  1.0593761424861364e+03  -1.1297379309945663e+03  1.4712872072220441e+02  -4.1275101521375809e+03  3.5060642696817185e+03  -6.8524375707054814e+03  9.2967479266092982e+02  9.4880607146779664e+02  6.8302905096085015e+03  -7.4441326370985166e+02  -2.5281188617132507e+03  8.9561642341653965e+02  9.0828835487140145e+02  8.9614533397768901e+02  -3.5661408461393398e+03  -8.5073925191581475e+03  1.0181271229017159e+03  -7.6081275972420190e+02  9.5204795978372965e+02  -5.4820911026282147e+02  -2.1679763470516345e+03  -3.9260335937618347e+03  8.6655170344424971e+02  1.0691438431843435e+03  9.6189276065460695e+02  9.5786799214828477e+02  9.8052801271767999e+02  -8.7752366939357071e+03  -6.7546640387140860e+03  -2.7307361788858784e+03  9.0389085634580579e+02  1.0001351667363072e+03  8.8573683882506032e+02  -1.0960435421068253e+03  -1.3763189173113378e+03  -1.4759052080602139e+03  0.0000000000000000e+00  0.0000000000000000e+00  0.0000000000000000e+00  0.0000000000000000e+00  0.0000000000000000e+00  0.0000000000000000e+00  1.1216434250041686e+03  1.1171043000236577e+03  0.0000000000000000e+00  0.0000000000000000e+00  0.0000000000000000e+00  9.9382180305679401e+02  1.0961442118959626e+03  0.0000000000000000e+00  1.0056272906122020e+03  9.7583642121505670e+02  1.0338788945988117e+03  1.0190495895884158e+03  0.0000000000000000e+00  0.0000000000000000e+00  9.0821382542411538e+02  -1.4862560945798416e+03  1.1513440237902960e+03  -1.0391429445695216e+04  -7.6737568544825135e+03  -2.2363632070472449e+03  -1.9884030301433086e+03  8.6369232687505564e+02  8.3420299958707938e+02  8.6018444420602896e+02  8.8662429284679467e+02  1.0120718136660635e+03  -6.2492785389267351e+02  9.7421009295143188e+02  7.5968073874667596e+02  8.0302940555479165e+02  9.7200921984356296e+02  -1.5618448369465164e+03  6.7045471863468129e+02  1.1429546549598222e+03  1.1526447871657601e+03  1.1395328022952590e+03  -7.8145889989910904e+02  -2.7690194953441483e+03  1.1460428681392846e+03  1.1590577316755341e+03  1.0443793855655513e+03  1.0365896101847109e+03  6.7513346228216926e+02  3.7431682378624719e+03  -3.6903287633725554e+01  6.6981922195439563e+02  -7.4725243865544453e+03  -9.6150978633815466e+03  8.6348009456505201e+02  -1.9829996978892791e+03  -4.4347286872779332e+03  -4.6495007227372380e+03  8.5015524954308580e+02  9.8125373821775599e+02  9.5741454079655375e+02  -1.0373632984555819e+04  9.3979316901212542e+02  9.9821745934240835e+02  9.1200972986160627e+02  -1.5043391945587673e+03  1.1158681683206441e+03  1.1070537984616094e+03  1.0548351736660109e+03  9.5121496666502264e+02  1.0261384400785644e+03  4.3282084034555101e+02  6.6572429146794957e+02  -8.9571265118240426e+03  8.1599184168474540e+02  -4.4173298733985195e+02  -6.1617073245523557e+02  1.0361921420902511e+03  1.0608934930183043e+03  1.0261896992040417e+03  5.6086528911925132e+02  -9.2533047414705125e+03  -8.9959259177276290e+03  -9.6402354957076623e+03  -5.1099498763737947e+03  7.6965647525721329e+02  7.5756010042048047e+02  -7.1129036630932751e+03  1.0147485398857347e+03  1.0317970709915012e+03  -2.7175941559723055e+03  -4.7253899665466461e+03  9.3826924382503512e+02  8.2845101189656782e+02  7.6538662207153925e+02  9.0010870261759987e+02  9.9200519679783611e+02  5.7606339900453213e+02  -6.9576009618057678e+03  1.1358792011727339e+03  7.2542648088708575e+02  9.6130962164536254e+02  7.2994041456981267e+02  -7.6126411849922067e+02  -5.0450745625383634e+03  -3.9320630074893566e+03  9.5869415865430915e+02  1.0302945384469840e+03  8.5845383075669724e+02  9.8824137477458726e+02  -8.0666719473542480e+03  1.0685064750986605e+03  -1.7787679676053965e+03  1.7000122970870175e+03  1.1765018587869113e+03  1.1703158434342135e+03  8.2318470892001631e+02  -3.0563289810318615e+03  -3.9836616968594711e+02  6.5824474088446777e+02  6.9249497930932637e+02  -5.5170084705842401e+03  9.2508195782825874e+02  1.0269959498229282e+03  7.1822686186256976e+02  -2.4227156121990120e+03  9.9853988579877910e+02  1.6624706754433698e+03  7.7949642894680073e+02  9.6132652887666507e+02  -1.5976388064253006e+03  9.8489713855686773e+02  1.1362967641385342e+03  1.1118355774045858e+03  6.5768793174051245e+02  6.9958657566295017e+02  7.2166550882962588e+02  -9.0260956825772537e+03  -1.9349316479572108e+03  1.0201947056485282e+03  9.2801237066366446e+02  -8.5434332933387086e+03  5.7336534865052909e+02  9.7454963758453800e+02  3.6741101929870615e+02  3.8304972658337033e+02  9.0433148149984356e+02  7.1545137473399643e+02  -1.5552214699776923e+03  -3.0991778610788260e+03  7.8032327698878191e+02  9.8302664568163914e+02  -4.0247702683797961e+03  -1.2630376720262145e+03  -6.5496022759449888e+03  -3.6068617539118663e+03  -4.8462637805825198e+03  -4.1039741292964300e+03  -2.4418265751170901e+02  -1.4807308278230398e+03  -2.0762495925728272e+03  9.5186319108016119e+02  9.2196871990439718e+02  -8.9221784582565906e+03  -8.3159067320479990e+03  -8.3961973218155181e+03  -2.8419375103307998e+03  -1.0252332798687057e+04  7.9413922611584906e+02  8.7223015265308186e+02  -1.5235423846095666e+03  -2.4238725741832509e+03  7.9377518523469314e+02  8.0473096320929085e+02  8.0728665012922841e+02  -4.4642446128409656e+03  9.6998815117972401e+02  -1.6031037153640426e+02  8.5258674853211642e+02  -7.6683762528508919e+02  1.4711272154857599e+02  2.3059389357618824e+02  3.3365793628249457e+02  5.7133048876577709e+02  5.3153411617229642e+02  6.2345943941467976e+02  9.9253978505286466e+02  9.8074461099224777e+02  -4.2729687179850644e+03  5.8142869414362440e+02  -2.5691443400210210e+03  6.1629273160650632e+02  7.9387641907762941e+02  1.0112782308453312e+03  -2.4933528489934642e+03  9.7516937148804095e+02  9.3324977544165847e+02  9.3621345603396094e+02  -9.2208260351250738e+03  1.0295166740863679e+03  9.5403442136660033e+02  1.2014788184964134e+03  1.1183320569473296e+03  1.1121040423248041e+03  1.1098689728975614e+03  8.7073222584925850e+02  -9.9443126721300687e+03  -1.0643140384883075e+03  -1.3597183442873218e+03  1.0003576000692927e+03  8.8402574444613481e+02  9.8137995390780907e+02  -2.2671649617940166e+03  -5.2631701356738525e+01  1.9695086715971357e+01  1.0069009272863882e+03  9.4263602440350451e+02  -5.6948462140925881e+02  -4.1443709127315979e+03  -7.0462474331963240e+03  -7.7254169468992413e+03  1.1496653099928917e+03  -6.7747658714714225e+02  7.2233838246547839e+02  -7.0643483352942876e+03  -7.1841954159473489e+03  -7.8132618968307111e+02  -8.1165175462177085e+03  -1.0875737853288342e+03  -1.0309365161366664e+04  -1.0016689300475931e+04  9.0763300770840442e+02  8.9888497952114949e+02  8.4407774802086436e+01  -3.2884371541488235e+03  -4.9808973909215347e+03  -3.8962162245590921e+03  -5.0517470665949855e+02  9.6366442470856919e+02  -9.1713944546797848e+03  6.7654675388942251e+03  1.1227238804912217e+03  -3.8700577201588726e+02  -1.1415444534005468e+02  -1.5340549541708288e+03  -1.6878891099760904e+03  -1.6748070772871374e+03  -1.3184102739694592e+03  -7.2401955971115729e+02  7.5553209315092977e+02  -1.9012136052268154e+03  9.6417427200318434e+02  9.7540973465819104e+02  9.7632268070913221e+02  6.6766415800323102e+02  1.1495985435224220e+03  -5.8706041038371941e+03  1.1209785000034558e+03  1.1616522179280937e+03  -2.9157239903470554e+03  -2.9227598527686596e+03  -3.3269923975983475e+03  -7.9864139944908875e+03  -4.0967506183906953e+03  -2.6784632931893378e+02  7.9605299208982092e+02  1.7570733980776180e+02  -6.6677185827165033e+02  7.2162542612414927e+02  1.1627610304599298e+03  6.1813578168479830e+02  -1.2257197014505380e+03  5.7565102938136079e+02  -1.5988032423936197e+03  -3.7221636571681602e+03  -1.2065006240652892e+02  -1.9592934485745135e+02  -1.3496632633419233e+02  -7.4913538016123566e+03  -5.5388001621513831e+03  -6.0009489641649652e+03  -6.7224068132614339e+03  1.1395407705534826e+03  2.9962225227480326e+02  7.9918931100125042e+02  -3.7608155337964713e+03  -7.2552291390537621e+03  -8.0900679912561400e+03  -8.5434443034114556e+03  -4.8699798150531745e+02  -9.1986788974780411e+03  -6.9623008683153384e+03  -6.2502858138935753e+03  -5.8218729261183089e+03  9.4859532008637836e+02  9.8852442465669810e+02  -4.0354823621429350e+03  9.0960808624826291e+02  -1.5359051219870885e+03  1.1945778351362264e+03  -5.5699020905913858e+03  3.7830173037464516e+02  -1.9695293475053364e+02  -3.6515822058436452e+03  9.7346367609095250e+02  -2.0222838540354303e+03  -2.1490902172445940e+03  -1.7078624142253375e+03  1.1397770901170253e+02  -5.9878631485485103e+03  -4.9443671077040708e+03  -2.1468640389797179e+03  -2.1762655627692220e+03  4.9595624140611443e+02  -8.2139881665499593e+02  -2.5575118166979123e+03  3.0913805176229398e+03  2.3322603628270595e+03  -6.3269554906578614e+03  9.1153135782670688e+02  6.5710550368724125e+02  1.1253882147607990e+03  -2.5235326606703293e+03  4.7024849959744006e+02  4.3383489806048101e+02  4.0977222672302184e+02  2.5958585759341616e+02  7.9502168133520604e+02  -4.3309225250785931e+02  7.9707927939848537e+02  1.4710599770866105e+02  -1.0782805560726456e+03  2.5662538109373099e+03  -2.4692901553584052e+03  1.0160346214030312e+03  -6.9673734546288706e+03  -4.2426935861218826e+03  -6.8949910304040859e+03  -6.0409272086971341e+03  1.0476620884064557e+03  -1.5311916322039299e+03  -4.1741554196362443e+02  -1.6226951096044542e+02  -7.5099400208987417e+03  4.5577672109694163e+00  -3.3561576158576136e+03  -4.5619575699257683e+02  1.1284690767514414e+03  -1.6207904370348951e+03  -9.4017993391404616e+02  -9.1739304182114320e+03  -8.2780142406814903e+03  -9.0607580400659845e+03  7.8070130006436614e+02  7.9432833678878899e+02  -1.0229385551274911e+04  -7.5931858840416207e+03  -6.7734963113094664e+03  -7.4217073816304182e+03  -7.9419639667110141e+02  -2.1689313716405434e+02  -3.3655365030773883e+03  1.1891575651934932e+03  1.1022676792671050e+03  8.8629209150695237e+02  9.4303161089280525e+02  9.3885543378840453e+02  7.5338529746863367e+02  7.2593285273271374e+02  6.1234893958262626e+02  6.4142176318621046e+02  6.3809494494491128e+02  5.5149933006408253e+02  8.7429262115605377e+02  1.0113915172043999e+03  9.8904764636053460e+02  9.9767162630864084e+02  9.6348461447083878e+02  9.6566762353714307e+02  6.3624185407673194e+03  -2.3006187895103913e+03  -3.1380068470962606e+03  -2.5739878037049102e+03  -4.6113202898610798e+03  -3.2707674914166923e+03  1.0778576563533138e+03  8.9429108949614283e+02  1.0145786843866011e+03  8.9622796056517222e+02  1.4725670875704623e+02  6.7269019762594617e+03  6.7459040441446250e+03  1.1813171676983684e+03  1.1880912617176475e+03  1.4558993206089397e+02  1.4659419091951219e+02  1.4870228873580729e+02  1.4771092988431900e+02  1.0689650007523674e+03  1.0649779486544403e+03  9.5009527773187676e+02  9.5644705194957010e+02  7.8501185519627006e+02  8.4006425721296478e+02  8.1597836651680768e+02  -1.1007100911818436e+03  -1.4039945222048248e+03  1.0316760863179437e+02  1.1297675337101614e+03  1.1235120396977152e+03  3.2105271265798331e+02  -4.7117279831663736e+03  1.1502176740513314e+03  -3.0960827486916260e+03  1.0947109213117019e+03  1.0919162492196201e+03  1.1069829675872802e+03  1.0185983859447288e+03  -2.4298451669318110e+03  9.7380681925310569e+02  9.0928776999750801e+02  9.2428699452763090e+02  8.1088793360062425e+02  -7.0809223633199611e+02  -4.7734860900555083e+02  -2.1859565089279404e+03  9.4540331519670701e+02  -1.7712042785372309e+03  8.2628501991934093e+02  1.1087502770970798e+03  1.1810412669689060e+03  5.0219578759341374e+02  2.8434306968690282e+02  4.6917425405636914e+03  4.5900077428982504e+03  6.0125919112608621e+01  5.8217230194375951e+01  1.2215216986322363e+02  1.1883467426151148e+02  1.0596189812207567e+02  -9.4746230935431512e+00  8.2355530192014930e+02  8.3733515301654438e+02  3.4283751219023094e+02  3.2506082018947598e+02  1.8106793904801958e+02  1.6993981183047589e+02  8.7120616990249744e+02  8.7135496705553021e+02  8.7128694030154020e+02  8.7113927418007950e+02  1.0317430900959364e+03  1.0317402543038938e+03  1.0317373328553726e+03  8.7143307585472644e+02  8.7034180145782329e+02  8.7105334303720826e+02  8.7150169849672500e+02  8.7117719667927815e+02  6.6708714006509981e+03  6.5415275452869137e+03  1.4635365155087948e+02  1.4358482593028342e+02  1.8340812944737763e+02  1.5102978259640679e+02  1.0490214071425608e+02  1.0705813339233937e+02  6.7846145336953066e+02  5.6463149344613032e+02  1.1740154501747691e+03  1.1509620327886794e+03  3.3344165451475187e+03  3.5830905976045688e+03  1.4776766002434783e+02  1.5062041002100017e+02  </DataArray> 
</PointData> 
</Piece>
</UnstructuredGrid>
</VTKFile>